,Title
0,New York Doll
1,Mickey's Magical Christmas: Snowed in at the House of Mouse
2,Mickey's House of Villains
3,And Then I Go
4,An Extremely Goofy Movie
5,Peter Rabbit
6,The Foster Boy
7,Forever My Girl
8,Tom Segura: Disgraceful
9,Secrets in the Fall
10,Silent Night
11,Suicide Squad: Hell to Pay
12,Wildling
13,The Humanity Bureau
14,Don't Talk to Irene
15,Blood Road
16,Andre the Giant
17,Dead on Arrival
18,Big Time
19,Adventures in Babysitting
20,Hostiles
21,Maze Runner: The Death Cure
22,Den of Thieves
23,V.I.P.
24,Walk Hard: The Dewey Cox Story
25,Freaky Friday
26,Perfect Strangers
27,Paterno
28,Shirley: Visions of Reality
29,5 Centimeters Per Second
30,Faces Places
31,The Post
32,The Anthem of the Heart
33,My Teacher
34,You Were Never Really Here
35,Petals on the Wind
36,Jesus Christ Superstar Live in Concert
37,Dare to Be Wild
38,Being Julia
39,Trouble Is My Business
40,Outside In
41,Froning: The Fittest Man in History
42,Elizabethtown
43,The Other Side of Heaven
44,Sons of Ben
45,12 Strong
46,The Commuter
47,Birdshot
48,May
49,The China Hustle
50,The Lost Brother
51,The Redeemed and the Dominant: Fittest on Earth
52,First Match
53,Re: Born
54,Happy End
55,After the Storm
56,Mary and the Witch's Flower
57,The Last Movie Star
58,Lucky
59,Phantom Thread
60,Molly's Game
61,The Third Murder
62,Ichi the Killer
63,The Boy with the Topknot
64,Small Town Crime
65,Control
66,Dear Etranger
67,Before We Vanish
68,Grace Jones: Bloodlight and Bami
69,All the Money in the World
70,Chasing the Dragon
71,I Kill Giants
72,Roxanne Roxanne
73,Film Stars Don't Die in Liverpool
74,Every Secret Thing
75,Believe in Me
76,Still the Water
77,Redemption Trail
78,Black Marigolds
79,The Greatest Showman
80,Of Mind and Music
81,Demon House
82,Along for the Ride
83,Centre of My World
84,Wonderstruck
85,The Witness
86,Harold and Lillian: A Hollywood Love Story
87,Ferrari 312B: Where the Revolution Begins
88,The Monkey King 2
89,Fairy Tail: The Movie - Dragon Cry
90,24 City
91,To Rome with Love
92,Journey to the West
93,Black Bread
94,Won't Back Down
95,Still Walking
96,Annihilation
97,Takeshis'
98,The Nile Hilton Incident
99,Star Wars: The Last Jedi
100,The Woman Who Left
101,The Outsider
102,Love Per Square Foot
103,Hotel Salvation
104,Lego DC Comics Super Heroes: The Flash
105,Prodigy
106,Pitch Perfect 3
107,The Vanishing of Sidney Hall
108,Jumanji: Welcome to the Jungle
109,Pan's Labyrinth
110,Along with the Gods: The Two Worlds
111,Dark Blue World
112,Ilo Ilo
113,Bowling for Columbine
114,Paddington 2
115,Chasing Coral
116,Gaga: Five Foot Two
117,The Farthest
118,Loveless
119,Icarus
120,Veronica
121,Hostages
122,Strangled
123,Still Life
124,Parked
125,Six Shooter
126,Heartbeats
127,"I, Tonya"
128,The Breadwinner
129,Devil's Tree: Rooted Evil
130,Novitiate
131,The Eternal Road
132,The Shape of Water
133,Ferdinand
134,I Remember You
135,My Entire High School Sinking Into the Sea
136,London to Brighton
137,The Body
138,Generation Iron 2
139,The Square
140,Forgotten
141,The Girl Without Hands
142,Same Kind of Different as Me
143,Meester Kikker
144,Marrowbone
145,Wonder Wheel
146,The Disaster Artist
147,The Man Who Invented Christmas
148,Raw
149,I Called Him Morgan
150,The Women's Balcony
151,Giant
152,The Last Laugh
153,Human Flow
154,"Burn Motherfucker, Burn!"
155,In This Corner of the World
156,Graduation
157,The Battleship Island
158,The Death of Stalin
159,Paradox
160,Z-O-M-B-I-E-S
161,2048: Nowhere to Run
162,A Taxi Driver
163,Midnight Runners
164,2036: Nexus Dawn
165,Lucknow Central
166,Bright Lights: Starring Carrie Fisher and Debbie Reynolds
167,The Happiest Day in the Life of Olli Mäki
168,Chris Rock: Tamborine
169,The Red Turtle
170,Tragedy Girls
171,Columbus
172,Call Me by Your Name
173,Mountain
174,Your Name
175,Dawson City: Frozen Time
176,Good Time
177,Menashe
178,Newness
179,Kedi
180,"Three Billboards Outside Ebbing, Missouri"
181,Jagga Jasoos
182,Mudbound
183,Final Portrait
184,My Life as a Zucchini
185,The Salesman
186,I Am Not Your Negro
187,Lady Bird
188,Polina
189,Blood of My Blood
190,I Am Not a Witch
191,Sophie and the Rising Sun
192,Justice League
193,Contemporary Color
194,The Ballad of Lefty Brown
195,In the Family
196,Blade of the Immortal
197,Batman: Gotham by Gaslight
198,Darkest Hour
199,The Pirates of Somalia
200,In Search of Balance
201,Minimalism: A Documentary About the Important Things
202,Tom of Finland
203,Thelma
204,My Friend Dahmer
205,When We First Met
206,Bomb City
207,The Ritual
208,Accident Man
209,Coco
210,Murder on the Orient Express
211,Doctor Who: Shada
212,The Everlasting Flame
213,Daddy's Home 2
214,The Florida Project
215,Only the Brave
216,God's Own Country
217,Wonder
218,Crooked House
219,"Roman J. Israel, Esq."
220,Wheelman
221,Voyeur
222,The Great Invisible
223,The Meyerowitz Stories
224,Our Souls at Night
225,A Plastic Ocean
226,1922
227,Bright
228,Thor: Ragnarok
229,Phineas and Ferb the Movie: Across the 2nd Dimension
230,Sweet Virginia
231,LBJ
232,Almost Friends
233,Borg vs McEnroe
234,Boone: The Bounty Hunter
235,Last Flag Flying
236,The Killing of a Sacred Deer
237,Chasing Great
238,Thank You for Your Service
239,Professor Marston and the Wonder Women
240,Goodbye Christopher Robin
241,Kenny
242,Loving Vincent
243,Happy Death Day
244,Blade Runner 2049
245,My Little Pony: The Movie
246,The Foreigner
247,Marshall
248,Rebel in the Rye
249,Brawl in Cell Block 99
250,Chasing Trane: The John Coltrane Documentary
251,Mark Felt: The Man Who Brought Down the White House
252,Battle of the Sexes
253,Mayhem
254,Brad's Status
255,Breathe
256,City of Ghosts
257,It
258,The Mountain Between Us
259,California Typewriter
260,The Lego Ninjago Movie
261,Stronger
262,Victoria & Abdul
263,Mother!
264,Enter Nowhere
265,Dunkirk
266,American Made
267,Ferrari: Race to Immortality
268,The Party
269,Detroit
270,Kingsman: The Golden Circle
271,Better Watch Out
272,Love Finds You in Charm
273,1 Buck
274,Gook
275,Wish for Christmas
276,Love Finds You in Valentine
277,Animal Factory
278,All the King's Men
279,A Princess for Christmas
280,Batman vs. Two-Face
281,The Good Neighbor
282,The Snow Queen 3
283,American Assassin
284,Kinky Boots
285,Super Dark Times
286,Score: A Film Music Documentary
287,Tulip Fever
288,Rememory
289,Logan Lucky
290,The Hitman's Bodyguard
291,Valerian and the City of a Thousand Planets
292,Beach Rats
293,Patti Cake$
294,Lipstick Under My Burkha
295,The Limehouse Golem
296,The Healer
297,Brigsby Bear
298,Wind River
299,Atomic Blonde
300,Ali and Nino
301,The Glass Castle
302,Jungle
303,Ingrid Goes West
304,Cars 3
305,The Poughkeepsie Tapes
306,Northpole: Open for Christmas
307,Manifesto
308,Maudie
309,Viceroy's House
310,A Family Man
311,Harmony
312,War for the Planet of the Apes
313,Annabelle: Creation
314,Bon Cop Bad Cop 2
315,The Man with the Iron Heart
316,68 Kill
317,Girls Trip
318,6 Days
319,Spider-Man: Homecoming
320,Una
321,Distance Between Dreams
322,Cargo
323,The Beguiled
324,Hired Gun
325,Baby Driver
326,Certain Women
327,The Wizard of Lies
328,Berlin Syndrome
329,VHS Massacre: Cult Films and the Decline of Physical Media
330,The Book of Henry
331,Boys in the Trees
332,Shock Wave
333,A Ghost Story
334,Voyage of Time: Life's Journey
335,Despicable Me 3
336,Churchill
337,Scooby-Doo! Frankencreepy
338,Till We Meet Again
339,Pirates of the Caribbean: Dead Men Tell No Tales
340,The Hero
341,The Big Sick
342,Throne of Elves
343,Whitney: Can I Be Me
344,Wonder Woman
345,Mindhorn
346,It Comes at Night
347,A Dark Song
348,Don't Take Me Home
349,Band Aid
350,Risk
351,Captain Underpants: The First Epic Movie
352,Unlocked
353,Megan Leavey
354,Born in China
355,My Cousin Rachel
356,Lady Macbeth
357,Life During Wartime
358,Williams
359,The Sense of an Ending
360,The Ottoman Lieutenant
361,Guardians of the Galaxy Vol. 2
362,Shin Godzilla
363,The Wall
364,The Exception
365,The Case for Christ
366,Chuck
367,Alien: Covenant
368,Boyka: Undisputed
369,Shot Caller
370,Wakefield
371,King Arthur: Legend of the Sword
372,Going in Style
373,The Hippopotamus
374,Colossal
375,The Levelling
376,A Quiet Passion
377,Ghost in the Shell
378,Gifted
379,The Boss Baby
380,Route Irish
381,The Phantom of the Opera at the Royal Albert Hall
382,Wazir
383,The Promise
384,Free Fire
385,Buster's Mal Heart
386,My Name Is Lenny
387,Resident Evil: Vendetta
388,The Lost City of Z
389,The Fate of the Furious
390,Their Finest
391,Black Butterfly
392,Ghost in the Shell Arise: Border 4 - Ghost Stands Alone
393,Ghost in the Shell Arise: Border 3 - Ghost Tears
394,Extortion
395,Kong: Skull Island
396,Rabbit Hole
397,Apprentice
398,Youth in Revolt
399,Gods and Generals
400,The Zookeeper's Wife
401,Red Dog: True Blue
402,Alone in Berlin
403,Power Rangers
404,The Eagle Huntress
405,CHIPS
406,Jawbone
407,The Belko Experiment
408,Life
409,The Carer
410,Prevenge
411,I Tawt I Taw a Puddy Tat
412,I Am Heath Ledger
413,The LEGO Batman Movie
414,John Wick: Chapter 2
415,Queen Rock Montreal & Live Aid
416,Peaceful Warrior
417,The Last Word
418,Swallows and Amazons
419,A Cure for Wellness
420,McLaren
421,T2 Trainspotting
422,The Devil's Candy
423,Logan
424,M.S. Dhoni: The Untold Story
425,Beauty and the Beast
426,Mean Dreams
427,The Shack
428,Before I Fall
429,Thirteen
430,Moto 8: The Movie
431,Get Out
432,The Great Wall
433,The Young and Prodigious T.S. Spivet
434,The Dish
435,The Space Between Us
436,The Death and Resurrection Show
437,Hacker
438,Notes on Blindness
439,A Dog's Purpose
440,Gold
441,The Age of Shadows
442,Silicon Cowboys
443,Adult Life Skills
444,Personal Shopper
445,La La Land
446,Kicks
447,The Autopsy of Jane Doe
448,Leap!
449,Teen Titans: The Judas Contract
450,The Founder
451,Traceroute
452,Split
453,Brimstone
454,Lion
455,Hidden Figures
456,Paterson
457,A United Kingdom
458,Rogue One: A Star Wars Story
459,Patriots Day
460,Why Him?
461,Silence
462,20th Century Women
463,The Love Witch
464,Live by Night
465,Sing
466,Miss Sloane
467,Christine
468,Fences
469,Passengers
470,A Street Cat Named Bob
471,Fantastic Beasts and Where to Find Them
472,Collateral Beauty
473,"I, Daniel Blake"
474,Jackie
475,The Eyes of My Mother
476,Moana
477,Doctor Strange
478,Moonlight
479,Allied
480,Nocturnal Animals
481,A Monster Calls
482,Manchester by the Sea
483,Hacksaw Ridge
484,Dark Matter
485,The Escort
486,Bleed for This
487,Gimme Danger
488,The Edge of Seventeen
489,Girl Asleep
490,Arrival
491,Stick Man
492,Joyeux Noel
493,Billy Lynn's Long Halftime Walk
494,The 9th Life of Louis Drax
495,American Pastoral
496,Justice League Dark
497,Almost Christmas
498,Trolls
499,Sinners and Saints
500,Closet Monster
501,Good Kids
502,Jack Reacher: Never Go Back
503,Queen of Katwe
504,The Girl with All the Gifts
505,Operation Avalanche
506,Maigret's Dead Man
507,The Light Between Oceans
508,Ouija: Origin of Evil
509,Inferno
510,The Girl on the Train
511,Miss Saigon: 25th Anniversary
512,Brotherhood
513,Deepwater Horizon
514,The Accountant
515,The Birth of a Nation
516,Middle School: The Worst Years of My Life
517,View from a Blue Moon
518,Greater
519,I Am Not a Serial Killer
520,Denial
521,In a Valley of Violence
522,Train to Busan
523,American Honey
524,The Fourth Phase
525,David Brent: Life on the Road
526,Snowden
527,For the Love of Spock
528,The Hollars
529,The Magnificent Seven
530,"Lo and Behold, Reveries of the Connected World"
531,Miss Peregrine's Home for Peculiar Children
532,Sully
533,Storks
534,I Am Bolt
535,Southside with You
536,Bridget Jones's Baby
537,Suicide Squad
538,Cardboard Boxer
539,Being Charlie
540,Don't Think Twice
541,The Whole Truth
542,Morris from America
543,Blood Punch
544,High Strung
545,Jason Bourne
546,The Great Gilly Hopkins
547,Pete's Dragon
548,The BFG
549,Don't Breathe
550,Phantom Boy
551,Hell or High Water
552,Kubo and the Two Strings
553,Scrat: Spaced Out
554,4th Man Out
555,War Dogs
556,The Secret Life of Pets
557,Oasis: Supersonic
558,Already Tomorrow in Hong Kong
559,Hands of Stone
560,Genius
561,Indignation
562,Finding Dory
563,Mr. Church
564,Sausage Party
565,Imperium
566,Anthropoid
567,Star Trek: Beyond
568,Bad Moms
569,Humpback Whales
570,Captain Fantastic
571,Nerve
572,Lights Out
573,Meet the Mobsters
574,Desierto
575,Raiders!: The Story of the Greatest Fan Film Ever Made
576,We Are Many
577,Blood Father
578,Chasing Niagara
579,The Infiltrator
580,Alice Through the Looking Glass
581,Mike and Dave Need Wedding Dates
582,Dennis Rodman's Big Bang in PyongYang
583,Hunt for the Wilderpeople
584,The Purge: Election Year
585,Swiss Army Man
586,Kingsglaive: Final Fantasy XV
587,The Legend of Tarzan
588,Captain Sparky vs. The Flying Saucers
589,The Neon Demon
590,Blackfish
591,Dead Snow 2: Red vs. Dead
592,Monster High: Freaky Fusion
593,Zero Days
594,The Fits
595,Big Top Scooby-Doo!
596,Free State of Jones
597,Central Intelligence
598,The Shallows
599,Café Society
600,Warcraft: The Beginning
601,X-Men: Apocalypse
602,All the Way
603,The Meddler
604,Teenage Mutant Ninja Turtles: Out of the Shadows
605,Adoration
606,The Ones Below
607,Our Kind of Traitor
608,Popstar: Never Stop Never Stopping
609,"What Happened, Miss Simone?"
610,Florence Foster Jenkins
611,Landmine Goes Click
612,Love & Friendship
613,Captain America: Civil War
614,The Conjuring 2
615,The Sea of Trees
616,Equals
617,Kilo Two Bravo
618,The Tailor of Panama
619,Septembers of Shiraz
620,Saved!
621,A Sunday Horse
622,Red Road
623,Now You See Me 2
624,The Take
625,The Beat That My Heart Skipped
626,The Man Who Knew Infinity
627,Me Before You
628,Before I Wake
629,Money Monster
630,Scooby-Doo! and WWE: Curse of the Speed Demon
631,Maggie's Plan
632,The Nice Guys
633,The Jungle Book
634,Pelé: Birth of a Legend
635,Dough
636,Enigma
637,A Hologram for the King
638,The Huntsman: Winter's War
639,The Angry Birds Movie
640,Crimson Peak
641,River
642,Tiny Giants 3D
643,Starter for 10
644,Manhattan Night
645,Born to Be Blue
646,Confirmation
647,Janis: Little Girl Blue
648,The Bronze
649,Batman: The Killing Joke
650,Keanu
651,Space Junk 3D
652,Match Point
653,Crazy Heart
654,Aliens of the Deep
655,Barney Thomson
656,Traders
657,Criminal
658,Hardcore Henry
659,Sing Street
660,I Am Belfast
661,Tristan + Isolde
662,Elvis & Nixon
663,Demolition
664,Miles Ahead
665,Batman v Superman: Dawn of Justice
666,The Damned United
667,Green Room
668,Everybody Wants Some!!
669,Cleaner
670,Atonement
671,Steve McQueen: The Man & Le Mans
672,Scoop
673,The Time Traveler's Wife
674,Lego DC Comics Superheroes: Justice League - Gotham City Breakout
675,13 Going on 30
676,Nanny McPhee
677,A Bigger Splash
678,Anesthesia
679,Brothers of the Wind
680,Vigilante Diaries
681,Fastball
682,The Game of Their Lives
683,The Raid 2
684,Miracles from Heaven
685,How to Lose Friends & Alienate People
686,Whiskey Tango Foxtrot
687,Insidious: Chapter 3
688,To Save a Life
689,Bobby
690,Eye in the Sky
691,Journey to Space
692,Holding the Man
693,The Colony
694,Kung Fu Panda 3
695,My Big Fat Greek Wedding 2
696,Eddie the Eagle
697,Midnight Special
698,Miracle at St. Anna
699,Down Terrace
700,Wildlike
701,Undisputed 2: Last Man Standing
702,Undisputed
703,Tigerland
704,The Informant!
705,10 Cloverfield Lane
706,The Brothers Grimsby
707,"Hello, My Name Is Doris"
708,Touched with Fire
709,Gosford Park
710,Kill the Irishman
711,Dog Pound
712,Catfish
713,Sin Nombre
714,The Confirmation
715,Anything Else
716,13 Hours
717,Anomalisa
718,Mr. Right
719,"Hail, Caesar!"
720,Louder Than Bombs
721,The von Trapp Family: A Life of Music
722,Rambo
723,WXIII: Patlabor the Movie 3
724,Harlock: Space Pirate
725,Collapse
726,He Never Died
727,John Wick
728,Zootopia
729,Mother's Day
730,Amazing Grace
731,Race
732,The Letter Writer
733,Triple 9
734,How to Be Single
735,The Finest Hours
736,Lakeview Terrace
737,Somewhere
738,Diary of a Wimpy Kid: Rodrick Rules
739,Killshot
740,Vampire Hunter D: Bloodlust
741,The Oxford Murders
742,Risen
743,The Witch
744,Jolene
745,Lego Scooby-Doo!: Haunted Hollywood
746,Assassination Games
747,Dirty Pretty Things
748,Hero
749,Deadpool
750,The Boy
751,Where to Invade Next
752,The Choice
753,Once I Was a Beehive
754,Cadillac Records
755,DRUNK STONED BRILLIANT DEAD: The Story of the National Lampoon
756,Joy
757,Kate & Leopold
758,Glorious 39
759,The Snow Queen 2
760,Deep Web
761,The Invitation
762,The Survivalist
763,Krampus
764,Veteran
765,The Spectacular Now
766,You Kill Me
767,Uptown Girls
768,Mayor of the Sunset Strip
769,The Revenant
770,A Perfect Day
771,Flashbacks of a Fool
772,Things We Lost in the Fire
773,District 13: Ultimatum
774,Sunset Song
775,Thin Ice
776,"Crouching Tiger, Hidden Dragon"
777,Justice League vs. Teen Titans
778,Extraordinary Tales
779,Arc
780,Forsaken
781,Star Wars: The Force Awakens
782,Coming Home
783,Bon Cop Bad Cop
784,"Monster High: Boo York, Boo York"
785,The Tribe
786,Bandits
787,Undertow
788,Turn the River
789,Tumbledown
790,Monster High: Great Scarrier Reef
791,Churchill's Secret
792,Personal Effects
793,Reality
794,The Hunger Games: Mockingjay - Part 2
795,The Forbidden Room
796,Concussion
797,Daddy's Home
798,The Editor
799,Nick and Norah's Infinite Playlist
800,And Everything Is Going Fine
801,Michael Jackson's Journey from Motown to Off the Wall
802,Below
803,Becoming Jane
804,The Hateful Eight
805,Sisters
806,Kill Your Friends
807,Scooby-Doo! Music of the Vampire
808,Disgrace
809,The Big Short
810,Snowtime!
811,Kokoda: 39th Battalion
812,Lonely Hearts
813,The Lady in the Van
814,The Deep Blue Sea
815,I Believe in Miracles
816,Deception
817,The Peanuts Movie
818,Victor Frankenstein
819,Standoff
820,Racing Extinction
821,Monster's Ball
822,The Dressmaker
823,Zoolander
824,In the Heart of the Sea
825,The Angels' Share
826,Brooklyn
827,Carol
828,It's All Gone Pete Tong
829,The Night Before
830,The Danish Girl
831,Room
832,Theory of Obscurity: A Film About the Residents
833,Code 46
834,Coconut Hero
835,Lego DC Comics Super Heroes: Justice League - Cosmic Clash
836,Metallica Through the Never
837,Going Clear: Scientology & the Prison of Belief
838,Slither
839,Creed
840,Moonwalkers
841,My All-American
842,Spotlight
843,The Lobster
844,Secret in Their Eyes
845,A Mighty Wind
846,UnReal
847,The Devil's Rejects
848,In Absentia
849,The Good Dinosaur
850,Where Hope Grows
851,The Punisher
852,A Ballerina's Tale
853,Trumbo
854,Steve Jobs
855,Dragon Ball Z: Resurrection 'F'
856,The 33
857,The Producers
858,Porcupine Tree: Anesthetize
859,Hyena Road
860,All Things Must Pass: The Rise and Fall of Tower Records
861,Martyrs
862,Grandma
863,Glory Road
864,Oddball and the Penguins
865,Miss You Already
866,That Evening Sun
867,Macbeth
868,Last Cab to Darwin
869,Freeheld
870,Congo: The Grand Inga Project
871,The Prophet
872,The Program
873,Bend It Like Beckham
874,Suffragette
875,Blood Work
876,The Last Witch Hunter
877,Batman: Bad Blood
878,Our Brand Is Crisis
879,Black Mass
880,The Keeping Room
881,99 Homes
882,Middle Men
883,American Wedding
884,American Pie 2
885,Bridge of Spies
886,Escobar: Paradise Lost
887,Boiler Room
888,Roald Dahl's Esio Trot
889,Peter Pan
890,Spectre
891,Legend
892,Truth
893,Kevin Hart: I'm a Grown Little Man
894,Frozen Fever
895,Deathgasm
896,Life
897,Goosebumps
898,Max
899,Fathers & Daughters
900,Ninja: Shadow of a Tear
901,Dragon Blade
902,Killing Kennedy
903,Before We Go
904,The Condemned
905,Goal! The Dream Begins
906,Solace
907,Straight Outta Compton
908,Experimenter
909,Ashby
910,Woodlawn
911,The Intern
912,45 Years
913,Ship of Theseus
914,Oliver Twist
915,Burnt
916,The Diary of a Teenage Girl
917,The Martian
918,Brandon Semenuk's Rad Company
919,Irrational Man
920,Hotel Transylvania 2
921,Infinitely Polar Bear
922,Sleeping with Other People
923,Scouts Guide to the Zombie Apocalypse
924,Sicario
925,The Walk
926,The Visit
927,Everest
928,A Walk in the Woods
929,Memories of the Sword
930,Cracks
931,15 Minutes
932,Horns
933,The Life of David Gale
934,Pawn Sacrifice
935,Heist
936,We Are Your Friends
937,The Caller
938,Daft Punk Unchained
939,Spanglish
940,Beasts of No Nation
941,Sightseers
942,Mr Calzaghe
943,Bone Tomahawk
944,War Room
945,Mistress America
946,"Good Luck Charlie, It's Christmas!"
947,Lost in the Sun
948,The Invisible
949,Absolutely Anything
950,Jerusalem
951,Heartbreakers
952,Noble
953,At Middleton
954,The Hours
955,Love
956,The Little Prince
957,Amy
958,Mississippi Grind
959,Best of Enemies: Buckley vs. Vidal
960,Maze Runner: The Scorch Trials
961,Ant-Man
962,The Stanford Prison Experiment
963,Steve Jobs: The Man in the Machine
964,Ted 2
965,Youth
966,Assassination
967,Moondance Alexander
968,Listen to Me Marlon
969,Meru
970,Ronaldo
971,American Ultra
972,Tangerine
973,The End of the Tour
974,Mr. Holmes
975,Trainwreck
976,No Escape
977,The Gift
978,Minions
979,Vacation
980,The Man from U.N.C.L.E.
981,Self/less
982,Flowers in the Attic
983,The Final Girls
984,Avengers: Age of Ultron
985,Jurassic World
986,Terminator Genisys
987,Southpaw
988,Ice Age
989,Child 44
990,Little Boy
991,Mission: Impossible - Rogue Nation
992,Inside Out
993,Kites
994,Zulu
995,Zombieland
996,Zodiac
997,Zero Dark Thirty
998,Zathura: A Space Adventure
999,Zack and Miri Make a Porno
1000,Youth Without Youth
1001,You're Not You
1002,You're Next
1003,Your Sister's Sister
1004,Young Adult
1005,Young Adam
1006,Yes Man
1007,X-Men 2
1008,X-Men: The Last Stand
1009,X-Men Origins: Wolverine
1010,X-Men: First Class
1011,X-Men: Days of Future Past
1012,X-Men
1013,Wyrmwood: Road of the Dead
1014,Wrong Turn
1015,Wrong Cops
1016,Wrong
1017,Wreck-It Ralph
1018,World's Greatest Dad
1019,World War Z
1020,World Trade Center
1021,Words and Pictures
1022,Wonder Woman
1023,Womb
1024,Woman in Gold
1025,Wolf Creek
1026,Wolf Creek 2
1027,Wish I Was Here
1028,Winter's Tale
1029,Winter's Bone
1030,Winnie the Pooh
1031,Windtalkers
1032,Win Win
1033,Wimbledon
1034,Wild Child
1035,Wild
1036,Whitey: United States of America v. James J. Bulger
1037,White House Down
1038,White Bird in a Blizzard
1039,While We're Young
1040,Where the Wild Things Are
1041,When the Game Stands Tall
1042,What's Your Number?
1043,What Women Want
1044,What We Do in the Shadows
1045,What We Did on Our Holiday
1046,What Richard Did
1047,What Maisie Knew
1048,What If
1049,What Happens in Vegas
1050,Whale Rider
1051,Wet Hot American Summer
1052,We're the Millers
1053,Wendy and Lucy
1054,Welcome to the Punch
1055,Weekend
1056,Wedding Crashers
1057,We Were Soldiers
1058,We Still Kill the Old Way
1059,We Own the Night
1060,We Need to Talk About Kevin
1061,We Bought a Zoo
1062,We Are Marshall
1063,Water for Elephants
1064,Watchmen
1065,Wasted on the Young
1066,Warrior
1067,Warm Bodies
1068,War of the Worlds
1069,War Horse
1070,War
1071,Wanted
1072,WALL·E
1073,Wall Street: Money Never Sleeps
1074,Walking Tall
1075,Walk of Shame
1076,Waiting...
1077,Violet & Daisy
1078,V/H/S/2
1079,Very Good Girls
1080,Veronica Mars
1081,Vantage Point
1082,Vanilla Sky
1083,Van Wilder: Party Liaison
1084,Van Helsing
1085,Valkyrie
1086,Valhalla Rising
1087,Vacancy
1088,V for Vendetta
1089,Upstream Color
1090,Upside Down
1091,Up in the Air
1092,Up
1093,Untraceable
1094,Unthinkable
1095,Unstoppable
1096,Unleashed
1097,Unknown
1098,United 93
1099,Unfinished Song
1100,Unfaithful
1101,Undisputed 3: Redemption
1102,Underworld: Rise of the Lycans
1103,Underworld: Evolution
1104,Underworld Awakening
1105,Underworld
1106,Under the Tuscan Sun
1107,Under the Skin
1108,Under the Electric Sky
1109,Undefeated
1110,Unbroken
1111,Unbreakable
1112,U-571
1113,Tyrannosaur
1114,Two Night Stand
1115,Two for the Money
1116,Twice Born
1117,Turks & Caicos
1118,Turbo
1119,Tucker and Dale vs Evil
1120,TT3D: Closer to the Edge
1121,True Story
1122,True Grit
1123,Troy
1124,Trouble with the Curve
1125,Tropic Thunder
1126,TRON: Legacy
1127,Triple Dog
1128,Trick 'r Treat
1129,Triangle
1130,Treasure Planet
1131,Transsiberian
1132,Transporter 3
1133,Transporter 2
1134,Transformers: Revenge of the Fallen
1135,Transformers: Dark of the Moon
1136,Transformers
1137,Transcendence
1138,Traitor
1139,Training Day
1140,Traffic
1141,Tracks
1142,TPB AFK: The Pirate Bay Away from Keyboard
1143,Toy Story 3
1144,Tower Heist
1145,Touching the Void
1146,Total Recall
1147,Top Five
1148,"Tomorrow, When the War Began"
1149,Tom and Jerry in Shiver Me Whiskers
1150,TMNT
1151,Tinker Tailor Soldier Spy
1152,Tinker Bell and the Lost Treasure
1153,Tinker Bell and the Legend of the NeverBeast
1154,Tinker Bell and the Great Fairy Rescue
1155,Tinker Bell
1156,Tim's Vermeer
1157,Time Lapse
1158,Thunder and the House of Magic
1159,Three Night Stand
1160,Thorne: Scaredycat
1161,Thor: The Dark World
1162,Thor
1163,This Must Be the Place
1164,This Means War
1165,This Is Where I Leave You
1166,This Is the End
1167,This Is England
1168,This Is 40
1169,Third Person
1170,Think Like a Man
1171,These Final Hours
1172,These Amazing Shadows
1173,There Will Be Blood
1174,The Zero Theorem
1175,The Wrestler
1176,The World's End
1177,The Words
1178,The Woman in Black
1179,The Woman
1180,The Wolverine
1181,The Wolf of Wall Street
1182,The Whistleblower
1183,The Whisperer in Darkness
1184,The Wedding Ringer
1185,The Weather Man
1186,The Way Way Back
1187,The Way Back
1188,The Watsons Go to Birmingham
1189,The Water Horse
1190,The Water Diviner
1191,The Warrior's Way
1192,The Wackness
1193,The Vow
1194,The Voices
1195,The United States of Leland
1196,The Uninvited
1197,The Ugly Truth
1198,The Two Faces of January
1199,The Truth About Emanuel
1200,The Trotsky
1201,The Trip to Italy
1202,The Trials of Cate McCall
1203,The Tree of Life
1204,The Transporter
1205,The Town
1206,The Thing
1207,The Theory of Everything
1208,The Terminal
1209,The Tale of Despereaux
1210,The Taking of Pelham 123
1211,The Taking of Deborah Logan
1212,The Switch
1213,The Sweeney
1214,The Sunset Limited
1215,The Sum of All Fears
1216,The Strangers
1217,The SpongeBob Movie: Sponge Out of Water
1218,The Sorcerer's Apprentice
1219,The Social Network
1220,The Snowtown Murders
1221,The Skeleton Twins
1222,The Skeleton Key
1223,The Signal
1224,The Selfish Giant
1225,The Secret World of Arrietty
1226,The Secret Life of Walter Mitty
1227,The Second Best Exotic Marigold Hotel
1228,The Seasoning House
1229,The Score
1230,The Sapphires
1231,The Salvation
1232,The Rundown
1233,The Rum Diary
1234,The Royal Tenenbaums
1235,The Rover
1236,The Rocker
1237,The Road
1238,The Rite
1239,The Riot Club
1240,The Ring
1241,The Right Kind of Wrong
1242,The Rewrite
1243,The Retrieval
1244,The Replacements
1245,The Recruit
1246,The Rebound
1247,The Reader
1248,The Raven
1249,The Railway Man
1250,The Raid: Redemption
1251,The Pursuit of Happyness
1252,The Purge: Anarchy
1253,The Proposal
1254,The Princess and the Frog
1255,The Prestige
1256,The Polar Express
1257,The Place Beyond the Pines
1258,The Pirates! Band of Misfits
1259,The Pirate Fairy
1260,The Pianist
1261,The Physician
1262,The Phantom of the Opera
1263,The Perks of Being a Wallflower
1264,The Perfect Storm
1265,The Perfect Host
1266,The Patriot
1267,The Passion of the Christ
1268,The Others
1269,The Other Woman
1270,The Other Guys
1271,The Other Boleyn Girl
1272,The One I Love
1273,The Odd Life of Timothy Green
1274,The Number 23
1275,The November Man
1276,The Notebook
1277,The Normal Heart
1278,The Next Three Days
1279,The New World
1280,The Myth of the American Sleepover
1281,The Muppets
1282,The Mummy Returns
1283,The Mule
1284,The Motel Life
1285,The Monuments Men
1286,The Mist
1287,The Messenger
1288,The Men Who Stare at Goats
1289,The Mechanic
1290,The Maze Runner
1291,Matrix Revolutions
1292,The Matrix Reloaded
1293,The Master
1294,The Man Who Shook the Hand of Vicente Fernandez
1295,The Man from Nowhere
1296,The Man from Earth
1297,The Majestic
1298,The Maiden Heist
1299,The Magic of Belle Isle
1300,The Machinist
1301,The Machine
1302,The Lucky One
1303,The Lovely Bones
1304,The Losers
1305,The Lord of the Rings: The Two Towers
1306,The Lord of the Rings: The Return of the King
1307,The Lord of the Rings: The Fellowship of the Ring
1308,The Lorax
1309,The Lookout
1310,The Look of Love
1311,The Longest Yard
1312,The Longest Ride
1313,The Lone Ranger
1314,The Loft
1315,The Little Death
1316,The Lion King 1 1/2
1317,The Lincoln Lawyer
1318,The Life Aquatic with Steve Zissou
1319,The Lego Movie
1320,The Legend Is Born: Ip Man
1321,The Ledge
1322,The Lazarus Project
1323,The Last Stand
1324,The Last Samurai
1325,The Last Lions
1326,The Last King of Scotland
1327,The Lake House
1328,The King's Speech
1329,The Kings of Summer
1330,The Kingdom
1331,The Kids Are All Right
1332,The Karate Kid
1333,The Judge
1334,The Jacket
1335,The Italian Job
1336,The Island
1337,The Iron Lady
1338,The Invisible Woman
1339,The Invention of Lying
1340,The Interview
1341,The Interpreter
1342,The Internship
1343,The International
1344,The Inevitable Defeat of Mister & Pete
1345,The Incredibles
1346,The Incredible Hulk
1347,The Inbetweeners Movie
1348,The Inbetweeners 2
1349,The Imposter
1350,The Impossible
1351,The Immigrant
1352,The Imitation Game
1353,The Illusionist
1354,The Ides of March
1355,The Iceman
1356,The Hurt Locker
1357,The Hunter
1358,The Hunger Games: Mockingjay - Part 1
1359,The Hunger Games: Catching Fire
1360,The Hunger Games
1361,The Hundred-Foot Journey
1362,The Homesman
1363,The Holiday
1364,The Hobbit: The Desolation of Smaug
1365,The Hobbit: The Battle of the Five Armies
1366,The Hobbit: An Unexpected Journey
1367,The Hitchhiker's Guide to the Galaxy
1368,The Hills Have Eyes
1369,The Help
1370,The Heat
1371,The Harvest
1372,The Hard Word
1373,The Hangover Part II
1374,The Hangover
1375,The Guest
1376,The Guardian
1377,The Grey
1378,The Greatest Game Ever Played
1379,The Great Raid
1380,The Great Gatsby
1381,The Great Debaters
1382,The Great Buck Howard
1383,The Grand Budapest Hotel
1384,The Good Shepherd
1385,The Good Lie
1386,The Golden Compass
1387,The Giver
1388,The Girl with the Dragon Tattoo
1389,The Girl Next Door
1390,The Gift
1391,The Giant Mechanical Man
1392,The Ghost Writer
1393,The Gambler
1394,The Frozen Ground
1395,The Fountain
1396,The Forbidden Kingdom
1397,The Fluffy Movie: Unity Through Laughter
1398,The Flowers of War
1399,The Five-Year Engagement
1400,The Fitzgerald Family Christmas
1401,The First Time
1402,The Final Member
1403,The Fighter
1404,The Fifth Estate
1405,The Fault in Our Stars
1406,The Fast and the Furious: Tokyo Drift
1407,The Fast and the Furious
1408,The Family Man
1409,The Family
1410,The Fall
1411,The Face of Love
1412,The Expendables 3
1413,The Expendables
1414,The Expendables 2
1415,The Exorcism of Emily Rose
1416,The Equalizer
1417,The Entitled
1418,The Encounter: Paradise Lost
1419,The East
1420,The Eagle
1421,The Duke of Burgundy
1422,The DUFF
1423,The Duchess
1424,The Drop
1425,The Dreamers
1426,The Double
1427,The Door in the Floor
1428,The Disappearance of Eleanor Rigby: Them
1429,The Disappearance of Eleanor Rigby: Him
1430,The Disappearance of Eleanor Rigby: Her
1431,The Dictator
1432,The Devil's Violinist
1433,The Devil's Double
1434,The Devil Wears Prada
1435,The Details
1436,The Descent
1437,The Descendants
1438,The Departed
1439,The Deep End
1440,The Debt
1441,The Day After Tomorrow
1442,The Dark Knight Rises
1443,The Dark Knight
1444,The Da Vinci Code
1445,The Curious Case of Benjamin Button
1446,The Croods
1447,The Crazies
1448,The Count of Monte Cristo
1449,The Constant Gardener
1450,The Conspirator
1451,The Conjuring
1452,The Congress
1453,The Company You Keep
1454,The Collector
1455,The Collection
1456,The Class of 92
1457,The Chronicles of Riddick
1458,The Chronicles of Narnia: The Voyage of the Dawn Treader
1459,"The Chronicles of Narnia: The Lion, the Witch and the Wardrobe"
1460,The Chronicles of Narnia: Prince Caspian
1461,The Christmas Candle
1462,The Change-Up
1463,The Challenger Disaster
1464,The Campaign
1465,The Call
1466,The Cabin in the Woods
1467,The Butterfly Effect
1468,The Burma Conspiracy
1469,The Bucket List
1470,The Brothers Bloom
1471,The Broken Shore
1472,The Boy in the Striped Pajamas
1473,The Boxtrolls
1474,The Bourne Ultimatum
1475,The Bourne Supremacy
1476,The Bourne Legacy
1477,The Bourne Identity
1478,The Boondock Saints II: All Saints Day
1479,The Book Thief
1480,The Book of Life
1481,The Book of Eli
1482,The Blind Side
1483,The Black Balloon
1484,The Big White
1485,The Best Offer
1486,The Best Man Holiday
1487,The Best Exotic Marigold Hotel
1488,The Beaver
1489,The Beach
1490,The Battery
1491,The Bank Job
1492,The Bachelor Weekend
1493,The Babadook
1494,The Awakening
1495,The Aviator
1496,The Avengers
1497,The Artist
1498,The Art of the Steal
1499,The Art of Getting By
1500,The Armstrong Lie
1501,The Animatrix
1502,The Amityville Horror
1503,The American
1504,The Amazing Spider-Man
1505,The Amazing Spider-Man 2
1506,The Adventures of Tintin
1507,The Adjustment Bureau
1508,The A-Team
1509,The 84th Annual Academy Awards
1510,The 40-Year-Old Virgin
1511,That's What I Am
1512,That Awkward Moment
1513,Thank You for Smoking
1514,Testament of Youth
1515,Terminator Salvation
1516,Terminator 3: Rise of the Machines
1517,Ted
1518,Tangled
1519,Talladega Nights: The Ballad of Ricky Bobby
1520,Taking Lives
1521,Takers
1522,Taken 3
1523,Taken
1524,Taken 2
1525,Take Shelter
1526,Take Me Home Tonight
1527,Syriana
1528,"Synecdoche, New York"
1529,Swordfish
1530,Sweeney Todd: The Demon Barber of Fleet Street
1531,S.W.A.T.
1532,Surrogates
1533,Surf's Up
1534,Supermensch: The Legend of Shep Gordon
1535,Superman/Doomsday
1536,Superman/Batman: Apocalypse
1537,Superman vs. The Elite
1538,Superman: Unbound
1539,Superman Returns
1540,Superbad
1541,Super Troopers
1542,Super 8
1543,Super
1544,Sunshine
1545,Sucker Punch
1546,Submarine
1547,Stuck in Love
1548,Stretch
1549,Street Kings
1550,Stranger Than Fiction
1551,Storm Surfers 3D
1552,Storm Rider
1553,Stonehearst Asylum
1554,Stoker
1555,Still Mine
1556,Still Alice
1557,Step Up Revolution
1558,Step Up All In
1559,Step Up 3D
1560,Step Up
1561,Step Up 2: The Streets
1562,Step Brothers
1563,Stay
1564,State of Play
1565,Starsky & Hutch
1566,Starred Up
1567,Starlet
1568,Stardust
1569,Star Wars: Episode III - Revenge of the Sith
1570,Star Wars: Episode II - Attack of the Clones
1571,Star Trek: Nemesis
1572,Star Trek: Into Darkness
1573,Star Trek
1574,Stand Up Guys
1575,Stake Land
1576,St. Vincent
1577,Spy Game
1578,Spud 3: Learning to Fly
1579,Spud
1580,Spud 2: The Madness Continues
1581,Springsteen & I
1582,Spring
1583,Spirit: Stallion of the Cimarron
1584,Spider-Man 3
1585,Spider-Man
1586,Spider-Man 2
1587,Speed Racer
1588,Speak
1589,Spare Parts
1590,Space Cowboys
1591,Source Code
1592,Soul Surfer
1593,Soul Boys of the Western World
1594,Sordid Lives
1595,Song of the Sea
1596,Son of a Gun
1597,Some Guy Who Kills People
1598,Solomon Kane
1599,Snowpiercer
1600,Snow White and the Huntsman
1601,Snitch
1602,Snatch
1603,Smokin' Aces
1604,Smashed
1605,Small Time
1606,Slumdog Millionaire
1607,Slow West
1608,Skyfall
1609,Sky High
1610,Sky Captain and the World of Tomorrow
1611,Sky Blue
1612,Sinister
1613,Sin City: A Dame to Kill For
1614,Sin City
1615,Silver Linings Playbook
1616,Silent Hill
1617,Signs
1618,Sideways
1619,Side Effects
1620,Shutter Island
1621,Shrek the Third
1622,Shrek the Musical
1623,Shrek Forever After
1624,Shrek
1625,Shrek 2
1626,Short Term 12
1627,Shooter
1628,Shoot 'Em Up
1629,She's Out of My League
1630,Sherlock Holmes: A Game of Shadows
1631,Sherlock Holmes
1632,Shaun the Sheep Movie
1633,Shaun of the Dead
1634,Shanghai Knights
1635,Shanghai
1636,Shame
1637,Shall We Dance
1638,Shadow Dancer
1639,Sexy Beast
1640,Sex Drive
1641,Seven Psychopaths
1642,Seven Pounds
1643,Seve the Movie
1644,Serenity
1645,Serendipity
1646,Seraphim Falls
1647,Selma
1648,Seeking Justice
1649,Seeking a Friend for the End of the World
1650,Seduced and Abandoned
1651,Secret Window
1652,Secret of the Wings
1653,Scream 4
1654,Scott Pilgrim vs. the World
1655,Scooby-Doo! WrestleMania Mystery
1656,School of Rock
1657,Scenic Route
1658,Scary Movie
1659,Saw VI
1660,Saw III
1661,Saw II
1662,Saw
1663,Saving Mr. Banks
1664,Savannah
1665,Savages
1666,Salt
1667,Salmon Fishing in the Yemen
1668,Sahara
1669,Safety Not Guaranteed
1670,Safe House
1671,Safe Haven
1672,Safe
1673,Rushlights
1674,Rush Hour 3
1675,Rush
1676,Running Scared
1677,"Run, Fatboy, Run"
1678,Run All Night
1679,Rudderless
1680,Ruby Sparks
1681,Rosewater
1682,Room 237
1683,Romeo Must Die
1684,Roman Polanski: A Film Memoir
1685,Role Models
1686,Roger Dodger
1687,Rocky Balboa
1688,RocknRolla
1689,Rock Star
1690,Robots
1691,Robot & Frank
1692,RoboCop
1693,Robin Hood
1694,Rob the Mob
1695,Road Trip
1696,Road to Perdition
1697,Road to Paloma
1698,Rise of the Planet of the Apes
1699,Rise of the Guardians
1700,Rise of the Footsoldier
1701,Rio
1702,Rio 2
1703,Righteous Kill
1704,Ride Along
1705,Riddick
1706,Richard Pryor: Omit the Logic
1707,Revolver
1708,Revolutionary Road
1709,Restless
1710,Resolution
1711,Resident Evil: Extinction
1712,Resident Evil: Degeneration
1713,Resident Evil: Damnation
1714,Resident Evil: Apocalypse
1715,Resident Evil
1716,Rescue Dawn
1717,Requiem for a Dream
1718,Repo Men
1719,Remember the Titans
1720,Remember Me
1721,Reign of Fire
1722,Redirected
1723,Red State
1724,Red Riding: The Year of Our Lord 1974
1725,Red Lights
1726,Red Dragon
1727,Red Dog
1728,Red Army
1729,RED
1730,RED 2
1731,Real Steel
1732,Ray
1733,Ratatouille
1734,Rango
1735,Capital Punishment
1736,Ragamuffin
1737,Quartet
1738,Quarantine
1739,Quantum of Solace
1740,Puss in Boots
1741,Push
1742,Punk Love
1743,Punisher: War Zone
1744,Puncture
1745,Punch-Drunk Love
1746,"Pulp: A Film About Life, Death and Supermarkets"
1747,Public Enemies
1748,P.S. I Love You
1749,Proof
1750,Promised Land
1751,Prometheus
1752,Project X
1753,Project Almanac
1754,Prisoners
1755,Prince of Persia: The Sands of Time
1756,Prime
1757,Pride & Prejudice
1758,Pride and Glory
1759,Pride
1760,Premium Rush
1761,Predestination
1762,Predators
1763,Powder Blue
1764,Pope Joan
1765,Polar Bears: A Summer Odyssey
1766,Poker Night
1767,Playing It Cool
1768,Plastic
1769,Planet Terror
1770,Planes: Fire & Rescue
1771,Pitch Perfect
1772,Pitch Perfect 2
1773,Pitch Black
1774,Pirates of the Caribbean: The Curse of the Black Pearl
1775,Pirates of the Caribbean: On Stranger Tides
1776,Pirates of the Caribbean: Dead Man's Chest
1777,Pirates of the Caribbean: At World's End
1778,Pirate Radio
1779,Pineapple Express
1780,Phone Booth
1781,Philomena
1782,Perfume: The Story of a Murderer
1783,Perfect Sense
1784,People Like Us
1785,Penguins of Madagascar
1786,Pearl Harbor
1787,Paycheck
1788,Particle Fever
1789,Parkland
1790,Parker
1791,Parental Guidance
1792,ParaNorman
1793,Paper Towns
1794,Papadopoulos & Sons
1795,Pandorum
1796,Palo Alto
1797,Pain & Gain
1798,Paid in Full
1799,Paddington
1800,Pacific Rim
1801,Oz the Great and Powerful
1802,Outlander
1803,Out of Time
1804,Out of the Furnace
1805,Orphan
1806,Original Sin
1807,Ordinary Decent Criminal
1808,Open Season
1809,Open Range
1810,Open Grave
1811,Only Lovers Left Alive
1812,One Life
1813,One Hour Photo
1814,One Day
1815,One Chance
1816,Once Upon a Time in Mexico
1817,Once
1818,On the Road
1819,Olympus Has Fallen
1820,Old School
1821,Old Joy
1822,Offender
1823,Oculus
1824,Ocean's Twelve
1825,Ocean's Thirteen
1826,Ocean's Eleven
1827,Obvious Child
1828,Oblivion
1829,"O Brother, Where Art Thou?"
1830,Nymphomaniac: Vol. II
1831,Now You See Me
1832,Notorious
1833,Nothing But the Truth
1834,Northern Soul
1835,Non-Stop
1836,No Strings Attached
1837,No Country for Old Men
1838,Nitro Circus: The Movie
1839,Ninja Assassin
1840,Nim's Island
1841,Nightcrawler
1842,Night Train to Lisbon
1843,Night Moves
1844,Night at the Museum: Secret of the Tomb
1845,Night at the Museum
1846,Next Friday
1847,Next
1848,Never Let Me Go
1849,Never Back Down
1850,Neighbors
1851,Need for Speed
1852,Nebraska
1853,National Treasure: Book of Secrets
1854,National Treasure
1855,Narc
1856,Napoleon Dynamite
1857,Mythica: The Darkspore
1858,Mystic River
1859,Mystery Road
1860,My Week with Marilyn
1861,My Sister's Keeper
1862,My Old Lady
1863,My Little Pony: Equestria Girls
1864,My Big Fat Greek Wedding
1865,Music and Lyrics
1866,Murph: The Protector
1867,Muppets Most Wanted
1868,Munich
1869,Mulholland Drive
1870,Mud
1871,Much Ado About Nothing
1872,Mr. Turner
1873,Mr. Popper's Penguins
1874,Mr. Peabody & Sherman
1875,Mr. Nobody
1876,Mr. & Mrs. Smith
1877,Mr. Hockey: The Gordie Howe Story
1878,Mr. Brooks
1879,Mr. Bean's Holiday
1880,Moulin Rouge!
1881,Mother of George
1882,Mother and Child
1883,Morning Glory
1884,Moonrise Kingdom
1885,Moon
1886,Monsters vs. Aliens
1887,Monsters University
1888,"Monsters, Inc."
1889,Monster House
1890,Monster High: Haunted
1891,Monster
1892,Moneyball
1893,Molly Maxwell
1894,Mission: Impossible III
1895,Mission: Impossible II
1896,Mission: Impossible - Ghost Protocol
1897,Mirrors
1898,Miracle
1899,Minority Report
1900,Mindhunters
1901,Million Dollar Baby
1902,Million Dollar Arm
1903,Milk
1904,Midnight in Paris
1905,"Mickey, Donald, Goofy: The Three Musketeers"
1906,Michael Clayton
1907,Metropia
1908,Metallica: Some Kind of Monster
1909,Men of Honor
1910,Men in Black II
1911,Men in Black 3
1912,Memoirs of a Geisha
1913,Memento
1914,Melancholia
1915,Megamind
1916,Meet the Robinsons
1917,Meet the Parents
1918,Meet the Fockers
1919,Mean Girls
1920,"Me, Myself & Irene"
1921,"McFarland, USA"
1922,Maya the Bee Movie
1923,Master and Commander: The Far Side of the World
1924,Mary and Max
1925,Marvellous
1926,Martha Marcy May Marlene
1927,Marley & Me
1928,Marley
1929,Marina Abramovic: The Artist Is Present
1930,Margin Call
1931,Margaret
1932,Manny Lewis
1933,Maniac
1934,Mandela: Long Walk to Freedom
1935,Man on Fire
1936,Man on a Ledge
1937,Man of Steel
1938,Mamma Mia!
1939,Mama
1940,Maleficent
1941,Magic Mike
1942,Magic in the Moonlight
1943,Madagascar: Escape 2 Africa
1944,Madagascar 3: Europe's Most Wanted
1945,Madagascar
1946,Mad Max: Fury Road
1947,Machine Gun Preacher
1948,Machete
1949,Lucy
1950,Lucky Them
1951,Lucky Number Slevin
1952,Lovelace
1953,"Love, Rosie"
1954,Love & Other Drugs
1955,Love & Mercy
1956,Love Is Strange
1957,Love & Basketball
1958,Love at the Christmas Table
1959,Love Actually
1960,Lost in Translation
1961,Lord of War
1962,Looper
1963,Lone Survivor
1964,Lockout
1965,Locke
1966,Local Color
1967,Live Free or Die Hard
1968,Little Miss Sunshine
1969,Lincoln
1970,Limitless
1971,Lilting
1972,Lilo & Stitch
1973,Like Crazy
1974,Life of Pi
1975,Life of a King
1976,Life as We Know It
1977,Lies & Alibis
1978,Liberal Arts
1979,Leviathan
1980,Letters to Juliet
1981,Let's Be Cops
1982,Let Me In
1983,Les Misérables
1984,A Series of Unfortunate Events
1985,Legend of the Guardians: The Owls of Ga'Hoole
1986,Legally Blonde
1987,Lee Daniels' The Butler
1988,Leave the World Behind
1989,Leap Year
1990,Le Week-End
1991,Layer Cake
1992,Lawless
1993,Law Abiding Citizen
1994,Late Phases
1995,Last Vegas
1996,Last Love
1997,Last Knights
1998,Lars and the Real Girl
1999,Larry Crowne
2000,Laggies
2001,Ladder 49
2002,Labor Day
2003,Cobain: Montage of Heck
2004,Kung Fu Panda
2005,Kung Fu Panda 2
2006,Kung Fu Hustle
2007,"Kumiko, the Treasure Hunter"
2008,Knowing
2009,Knocked Up
2010,Knight and Day
2011,Kissing Jessica Stein
2012,Kiss Kiss Bang Bang
2013,Kingsman: The Secret Service
2014,Kingdom of Heaven
2015,King Kong
2016,King Arthur
2017,Killing Them Softly
2018,Killer Joe
2019,Killer Elite
2020,Kill Your Darlings
2021,Kill the Messenger
2022,Kill List
2023,Kill Bill: Vol. 2
2024,Kill Bill: Vol. 1
2025,Kidnapping Mr. Heineken
2026,Kid Cannabis
2027,Kick-Ass
2028,Kick-Ass 2
2029,K-PAX
2030,K-19: The Widowmaker
2031,Justice League: War
2032,Justice League: The New Frontier
2033,Justice League: Doom
2034,Just Go with It
2035,Just Friends
2036,Just Before I Go
2037,Juno
2038,Jumper
2039,Julie & Julia
2040,Joy Ride
2041,Johnny English Reborn
2042,Johnny English
2043,American Masters Johnny Carson: King of Late Night
2044,John Q
2045,John Doe: Vigilante
2046,John Carter
2047,Joe
2048,Jodorowsky's Dune
2049,Jimmy's Hall
2050,Jersey Boys
2051,"Jeff, Who Lives at Home"
2052,Jeepers Creepers
2053,Jay and Silent Bob Strike Back
2054,Jarhead
2055,Jane Eyre
2056,Jamesy Boy
2057,Bad Grandpa .5
2058,Bad Grandpa
2059,Jackass 3.5
2060,Jack the Giant Slayer
2061,Jack Ryan: Shadow Recruit
2062,Jack Reacher
2063,J. Edgar
2064,It's Kind of a Funny Story
2065,It's Complicated
2066,It Follows
2067,Ironclad
2068,Iron Man 3
2069,Iron Man
2070,Iron Man 2
2071,Ip Man
2072,Ip Man 2
2073,Invincible
2074,Invictus
2075,Into the Woods
2076,Into the Wild
2077,Into the Mind
2078,Interview with a Hitman
2079,Interstellar
2080,Insurgent
2081,Insomnia
2082,Insidious: Chapter 2
2083,Insidious
2084,Inside Man
2085,Inside Llewyn Davis
2086,Inside Job
2087,Inland Empire
2088,Inkheart
2089,Inglourious Basterds
2090,Inequality for All
2091,Indiana Jones and the Kingdom of the Crystal Skull
2092,Inception
2093,In Time
2094,In the Loop
2095,In Secret
2096,In My Father's Den
2097,In Bruges
2098,In a World...
2099,Immortals
2100,Immortal
2101,Imaginaerum
2102,I'll See You in My Dreams
2103,Ill Manors
2104,I'll Follow You Down
2105,If I Stay
2106,Idiocracy
2107,Identity
2108,Ice Age: The Meltdown
2109,Ice Age: Dawn of the Dinosaurs
2110,Ice Age: Continental Drift
2111,Ice Age: A Mammoth Christmas
2112,I Spit on Your Grave
2113,"I, Robot"
2114,I Origins
2115,I Now Pronounce You Chuck & Larry
2116,I Love You Phillip Morris
2117,"I Love You, Man"
2118,I Declare War
2119,I Am Santa Claus
2120,I Am Sam
2121,I Am Number Four
2122,I Am Legend
2123,I Am Ali
2124,Hysteria
2125,Hunky Dory
2126,Hunger
2127,Hugo
2128,How to Train Your Dragon
2129,How to Train Your Dragon 2
2130,How to Make Money Selling Drugs
2131,How to Lose a Guy in 10 Days
2132,How the Grinch Stole Christmas
2133,How I Live Now
2134,Housebound
2135,House of Sand and Fog
2136,House of Last Things
2137,House of 1000 Corpses
2138,Hours
2139,Hounddog
2140,Hotel Transylvania
2141,Hotel Rwanda
2142,Hot Tub Time Machine
2143,Hot Rod
2144,Hot Fuzz
2145,Hostage
2146,Horton Hears a Who!
2147,Horrible Bosses
2148,Horrible Bosses 2
2149,Hope Springs
2150,Homefront
2151,Home Run
2152,Home
2153,Hitman
2154,Hitchcock
2155,Hitch
2156,Hit and Run
2157,Hide Your Smiling Faces
2158,Hidalgo
2159,He's Just Not That Into You
2160,Hereafter
2161,Here Comes the Boom
2162,Hercules
2163,Her
2164,Hello I Must Be Going
2165,Hellion
2166,Hellboy II: The Golden Army
2167,Hellboy
2168,Hector and the Search for Happiness
2169,Heaven Knows What
2170,Hateship Loveship
2171,Hart's War
2172,Harsh Times
2173,Harry Potter and the Sorcerer's Stone
2174,Harry Potter and the Prisoner of Azkaban
2175,Harry Potter and the Order of the Phoenix
2176,Harry Potter and the Half-Blood Prince
2177,Harry Potter and the Goblet of Fire
2178,Harry Potter and the Deathly Hallows: Part 2
2179,Harry Potter and the Deathly Hallows: Part 1
2180,Harry Potter and the Chamber of Secrets
2181,Harry Brown
2182,Harold & Kumar Go to White Castle
2183,Harold & Kumar Escape from Guantanamo Bay
2184,Hard Candy
2185,Happythankyoumoreplease
2186,Happy Feet
2187,Hansel & Gretel: Witch Hunters
2188,Hannibal Rising
2189,Hannibal
2190,Hanna
2191,Hancock
2192,Halloween
2193,Hairspray
2194,Hachi: A Dog's Tale
2195,Guardians of the Galaxy
2196,Grudge Match
2197,Grown Ups
2198,Gridiron Gang
2199,Greenberg
2200,Green Zone
2201,Green Street Hooligans
2202,Green Lantern: Emerald Knights
2203,Gravity
2204,Grave Encounters
2205,Grandma's Boy
2206,Gran Torino
2207,Grace Is Gone
2208,Grabbers
2209,Goon
2210,Good Vibrations
2211,Good Kill
2212,Gone in Sixty Seconds
2213,Gone Girl
2214,Gone Baby Gone
2215,Going the Distance
2216,Godzilla
2217,God's Pocket
2218,Goddess
2219,God Help the Girl
2220,God Bless America
2221,Gnomeo & Juliet
2222,Gladiator
2223,Girl with a Pearl Earring
2224,Ginger Snaps
2225,Gimme Shelter
2226,Ghost World
2227,Gettysburg
2228,Get the Gringo
2229,Get Smart
2230,Get on Up
2231,Get Him to the Greek
2232,Get Hard
2233,George Washington
2234,Generation Iron
2235,Garden State
2236,Gangster Squad
2237,Gangs of New York
2238,Game Change
2239,Fury
2240,Furious 7
2241,Funny People
2242,Fun with Dick and Jane
2243,Fruitvale Station
2244,Frozen
2245,Frozen
2246,Frost/Nixon
2247,Frontera
2248,From Paris with Love
2249,From Hell
2250,Fright Night
2251,Friends with Kids
2252,Friends with Benefits
2253,Friday Night Lights
2254,Frequency
2255,Frequencies
2256,Freedom Writers
2257,Franklyn
2258,Frankenweenie
2259,Frank
2260,Frailty
2261,Fracture
2262,Foxfire
2263,Foxcatcher
2264,Four Lions
2265,Four Brothers
2266,Forks Over Knives
2267,Forgetting Sarah Marshall
2268,For No Good Reason
2269,"Food, Inc."
2270,Focus
2271,Flypaper
2272,Flyboys
2273,Flipped
2274,Flightplan
2275,Flight
2276,Flawless
2277,Flags of our Fathers
2278,Five Minutes of Heaven
2279,Fired Up!
2280,Finding Vivian Maier
2281,Finding Neverland
2282,Finding Nemo
2283,Final Fantasy VII: Advent Children
2284,Final Fantasy: The Spirits Within
2285,Final Destination
2286,Final Destination 2
2287,Filth
2288,Filmage: The Story of Descendents/All
2289,Fever Pitch
2290,Felony
2291,Feast of Love
2292,Fastest
2293,Faster
2294,Fast & Furious 6
2295,Fast & Furious
2296,Fast Five
2297,Fantastic Mr. Fox
2298,Fanboys
2299,Fading Gigolo
2300,Factory Girl
2301,Extremely Loud & Incredibly Close
2302,Exodus: Gods and Kings
2303,Excision
2304,Exam
2305,Ex Machina
2306,Evolution
2307,Evil Dead
2308,Everything Must Go
2309,Everybody's Fine
2310,EuroTrip
2311,Europa Report
2312,Eternal Sunshine of the Spotless Mind
2313,Escape Plan
2314,Erased
2315,Equilibrium
2316,Epic
2317,Enough Said
2318,Enemy at the Gates
2319,Enemy
2320,Endless Love
2321,Ender's Game
2322,End of Watch
2323,Emperor
2324,Elysium
2325,Elsa & Fred
2326,Elizabeth: The Golden Age
2327,Elf
2328,Eight Below
2329,Edge of Tomorrow
2330,Eden
2331,Easy A
2332,Eastern Promises
2333,Eagle Eye
2334,Duplicity
2335,Duets
2336,Due Date
2337,Drive
2338,Drinking Buddies
2339,Drift
2340,Dredd
2341,Dream House
2342,Dragon Nest: Warriors' Dawn
2343,Drag Me to Hell
2344,Draft Day
2345,Dracula Untold
2346,Doubt
2347,Dorian Gray
2348,Dope
2349,Doomsday
2350,Don't Stop Believin': Everyman's Journey
2351,Donnie Darko
2352,Don Jon
2353,Domino
2354,Dom Hemingway
2355,Dolphin Tale
2356,Dolphin Tale 2
2357,Dodgeball: A True Underdog Story
2358,Doc of the Dead
2359,Django Unchained
2360,Divergent
2361,Disturbia
2362,District 9
2363,Disconnect
2364,Dirty Wars
2365,Dirty Dancing: Havana Nights
2366,Dinosaur
2367,Dinosaur 13
2368,Die Another Day
2369,Diary of a Wimpy Kid: Dog Days
2370,Diary of a Wimpy Kid
2371,Devil's Knot
2372,Devil
2373,Detachment
2374,Despicable Me
2375,Despicable Me 2
2376,Derailed
2377,Delivery Man
2378,Deliver Us from Evil
2379,Deja Vu
2380,"Definitely, Maybe"
2381,Defiance
2382,Deepsea Challenge 3D
2383,Decoding Annie Parker
2384,Death Sentence
2385,Death Race
2386,Death Proof
2387,Death of a Superhero
2388,Death at a Funeral
2389,Dear White People
2390,Dear John
2391,Deadfall
2392,Dead Silence
2393,Dead Man's Shoes
2394,Dead Man Down
2395,Catwoman
2396,Daydream Nation
2397,Daybreakers
2398,Dawn of the Planet of the Apes
2399,Dawn of the Dead
2400,Date Night
2401,Dark Skies
2402,Dark Shadows
2403,Dark Places
2404,Danny Collins
2405,Dan in Real Life
2406,Dallas Buyers Club
2407,Cypher
2408,Cut Bank
2409,Curious George
2410,Cuban Fury
2411,Crooked Arrows
2412,"Crazy, Stupid, Love."
2413,Crash
2414,Crank: High Voltage
2415,Crank
2416,Cowboys & Aliens
2417,Courageous
2418,Corpse Bride
2419,Corner Gas: The Movie
2420,Coriolanus
2421,Coraline
2422,Contraband
2423,Contagion
2424,Constantine
2425,Confessions of a Dangerous Mind
2426,Compliance
2427,Comet
2428,Columbus Circle
2429,Colombiana
2430,Collateral
2431,Coldwater
2432,Cold Mountain
2433,Cold in July
2434,Coherence
2435,Codebreaker
2436,Cocaine Cowboys
2437,Coach Carter
2438,Cloverfield
2439,Cloudy with a Chance of Meatballs
2440,Cloudy with a Chance of Meatballs 2
2441,Clouds of Sils Maria
2442,Cloud Atlas
2443,Closer
2444,Closed Circuit
2445,Click
2446,Clerks II
2447,Clear History
2448,Cleanskin
2449,City of Ember
2450,Citizen Toxie: The Toxic Avenger IV
2451,Cirque du Soleil: Worlds Away
2452,Cinderella Man
2453,Cinderella
2454,Chronicle
2455,Chocolat
2456,Chloe
2457,Chinese Zodiac
2458,Chimpanzee
2459,Children of Men
2460,Chicken Run
2461,Chicago
2462,Chef
2463,Chasing Mavericks
2464,Chasing Ice
2465,Charlie Wilson's War
2466,Charlie St. Cloud
2467,Charlie Countryman
2468,Charlie and the Chocolate Factory
2469,Chappie
2470,Chaos Theory
2471,Changing Lanes
2472,Changeling
2473,Chalet Girl
2474,Chained
2475,Centurion
2476,Cellular
2477,Cave of Forgotten Dreams
2478,Catch Me If You Can
2479,Cat Shit One
2480,Cast Away
2481,Casino Royale
2482,Casino Jack
2483,Case 39
2484,Cars
2485,Cars 2
2486,Carnage
2487,Captain Phillips
2488,Captain America: The Winter Soldier
2489,Captain America: The First Avenger
2490,Capote
2491,Candy
2492,Camp X-Ray
2493,Calvary
2494,Cake
2495,Byzantium
2496,Burning Man
2497,Burn After Reading
2498,Burlesque
2499,Buried
2500,Bruce Almighty
2501,Brothers
2502,Brother
2503,Brooklyn's Finest
2504,Bronson
2505,Broken City
2506,Broken
2507,Brokeback Mountain
2508,Bring It On
2509,Bridge to Terabithia
2510,Bridesmaids
2511,Brick
2512,Breathe In
2513,Brave
2514,Brake
2515,Boyhood
2516,Boychoir
2517,Boy
2518,Born to Race
2519,Born to Be Wild
2520,Borat: Cultural Learnings of America for Make Benefit Glorious Nation of Kazakhstan
2521,Bolt
2522,Body of Lies
2523,Blue Valentine
2524,Blue Ruin
2525,Blue Jasmine
2526,Blow
2527,Blood Ties
2528,Blood: The Last Vampire
2529,Blood Diamond
2530,Blood and Bone
2531,Blitz
2532,Blindness
2533,Blended
2534,Blades of Glory
2535,Blade II
2536,Blackthorn
2537,Black Swan
2538,Black Snake Moan
2539,Black or White
2540,Black Hawk Down
2541,Black Dynamite
2542,Birdman or
2543,Bigger Stronger Faster*
2544,Big Miracle
2545,Big Hero 6
2546,Big Fish
2547,Big Eyes
2548,Beyond the Lights
2549,Beyond the Edge
2550,Bettie Page Reveals All
2551,Best Man Down
2552,Bernie
2553,Beowulf
2554,Beneath the Harvest Sky
2555,Beneath Hill 60
2556,Belle
2557,Being Flynn
2558,Behind the Candelabra
2559,Behind Enemy Lines
2560,Beginners
2561,Begin Again
2562,Before Sunset
2563,Before Night Falls
2564,Before Midnight
2565,Before I Go to Sleep
2566,Beerfest
2567,Bee Movie
2568,Bedtime Stories
2569,Bedazzled
2570,Beautiful Creatures
2571,Be Kind Rewind
2572,Battlestar Galactica: Blood & Chrome
2573,Battle Royale
2574,Batman: Year One
2575,Batman: Under the Red Hood
2576,"Batman: The Dark Knight Returns, Part 2"
2577,"Batman: The Dark Knight Returns, Part 1"
2578,Batman: Mystery of the Batwoman
2579,Batman Begins
2580,Batman: Assault on Arkham
2581,Basic
2582,Barefoot
2583,Balto: Wolf Quest
2584,Balto III: Wings of Change
2585,Ballet 422
2586,Bad Words
2587,Bad Santa
2588,Bad Lieutenant: Port of Call New Orleans
2589,Bad Boys II
2590,Babel
2591,Avatar
2592,Automata
2593,Australia
2594,Austin Powers in Goldmember
2595,Austenland
2596,August Rush
2597,August: Osage County
2598,Attack the Block
2599,Atlantis: The Lost Empire
2600,Astro Boy
2601,Assault on Wall Street
2602,Assault on Precinct 13
2603,Ashens and the Quest for the Gamechild
2604,"As Above, So Below"
2605,Arthur Christmas
2606,Arthur and the Invisibles
2607,Argo
2608,Arbitrage
2609,Appleseed Alpha
2610,Appaloosa
2611,Any Day Now
2612,Antichrist
2613,Antarctica: A Year on Ice
2614,Another Earth
2615,Anonymous
2616,Anna Karenina
2617,Anna
2618,Anger Management
2619,Angels & Demons
2620,Anchorman: The Legend of Ron Burgundy
2621,Anchorman 2: The Legend Continues
2622,An Unfinished Life
2623,An Alternative Reality: The Football Manager Documentary
2624,An Adventure in Space and Time
2625,Amira & Sam
2626,American Sniper
2627,American Reunion
2628,American Psycho
2629,American Hustle
2630,American Gangster
2631,Amen.
2632,Altman
2633,Alpha Dog
2634,Along Came a Spider
2635,"Aloha, Scooby-Doo!"
2636,Almost Famous
2637,All-Star Superman
2638,Alive Inside
2639,Alice in Wonderland
2640,Ali
2641,"Alexander and the Terrible, Horrible, No Good, Very Bad Day"
2642,Alan Partridge
2643,Ain't Them Bodies Saints
2644,A.I. Artificial Intelligence
2645,Agora
2646,African Cats
2647,Adventureland
2648,Adore
2649,Adaptation.
2650,Act of Valor
2651,Across the Universe
2652,About Time
2653,About Last Night
2654,About Alex
2655,About a Boy
2656,A Walk to Remember
2657,A Walk Among the Tombstones
2658,A Very Harold & Kumar 3D Christmas
2659,A Scanner Darkly
2660,A Perfect Getaway
2661,A Most Wanted Man
2662,A Most Violent Year
2663,A Million Ways to Die in the West
2664,A Master Builder
2665,A Man Apart
2666,A Lot Like Love
2667,A Long Way Down
2668,A Lonely Place to Die
2669,A Little Bit of Heaven
2670,A Knight's Tale
2671,A History of Violence
2672,A Good Year
2673,A Fork in the Road
2674,A Dangerous Method
2675,A Christmas Carol
2676,A Brilliant Young Mind
2677,A Beautiful Mind
2678,9
2679,8 Mile
2680,'71
2681,6 Souls
2682,6 Bullets
2683,50/50
2684,500 Days of Summer
2685,50 First Dates
2686,47 Ronin
2687,42
2688,360
2689,3:10 to Yuma
2690,300: Rise of an Empire
2691,300
2692,30 Minutes or Less
2693,30 Days of Night
2694,3 Days to Kill
2695,28 Weeks Later
2696,28 Days Later...
2697,27 Dresses
2698,22 Jump Street
2699,22 Bullets
2700,21 Jump Street
2701,21 Grams
2702,21
2703,"20,000 Days on Earth"
2704,2 Guns
2705,17 Again
2706,16 Blocks
2707,1408
2708,13 Sins
2709,13
2710,12 Years a Slave
2711,10 Years
2712,What Happened to Monday
2713,Restless
2714,Memoirs of a Murderer
2715,The Preppie Connection
2716,Avicii: True Stories
2717,Chasing Valentine
2718,Priceless
2719,Loving
2720,Kodachrome
2721,The Childhood of a Leader
2722,Tale of Tales
2723,Dealt
2724,City of God
2725,Batman Ninja
2726,What Lies Beneath
2727,Under Our Skin 2: Emergence
2728,Toomelah
2729,Spirited Away
2730,Something New
2731,Session 9
2732,Mysteries of the Unseen World
2733,The Young Karl Marx
2734,The Music of Silence
2735,The Leisure Seeker
2736,Fishbowl California
2737,Benji
2738,Oldboy
2739,Black Panther
2740,The Lives of Others
2741,Once Upon a Time in Anatolia
2742,Patients
2743,Bombshell: The Hedy Lamarr Story
2744,Dangal
2745,The Intouchables
2746,Shortwave
2747,Tremors: A Cold Day in Hell
2748,Dead End
2749,Modern Life Is Rubbish
2750,3 Idiots
2751,Like Stars on Earth
2752,Amélie
2753,Mobile Homes
2754,Game Night
2755,Anon
2756,Bah Humduck!: A Looney Tunes Christmas
2757,The Hunt
2758,A Separation
2759,Red Sparrow
2760,Lean on Pete
2761,Fifty Shades of Grey
2762,Fifty Shades Freed
2763,Naples in Veils
2764,Early Man
2765,The Kissing Booth
2766,Revenge
2767,Walk with Me
2768,An Uncommon Grace
2769,A Fantastic Woman
2770,The Bachelors
2771,Kung Fu Traveler
2772,Tehran Taboo
2773,Retribution
2774,Kaleidoscope
2775,An Honest Liar
2776,In the Fade
2777,Pacific Rim: Uprising
2778,Scooby-Doo! Moon Monster Madness
2779,Be Here Now
2780,Stockholm
2781,Caroline and Jackie
2782,Burn Out
2783,Lane 1974
2784,First Period
2785,Balu Mahi
2786,Finding Sofia
2787,Club Sandwich
2788,Swinging Safari
2789,Shuttle Life
2790,Gringo
2791,Thoroughbreds
2792,Death Wish
2793,Beatriz at Dinner
2794,Transformers: The Last Knight
2795,Baywatch
2796,Assassin's Creed
2797,Fifty Shades Darker
2798,xXx: Return of Xander Cage
2799,The Mummy
2800,The 5th Wave
2801,Jupiter Ascending
2802,Resident Evil: The Final Chapter
2803,Underworld: Blood Wars
2804,Max Steel
2805,The Dark Tower
2806,Pixels
2807,Dumb and Dumber To
2808,Transformers: Age of Extinction
2809,Geostorm
2810,Smurfs: The Lost Village
2811,American Heist
2812,Ben-Hur
2813,Sleepless
2814,Insidious: The Last Key
2815,Fist Fight
2816,Wild Card
2817,The Hallow
2818,Noah
2819,Keeping Up with the Joneses
2820,The Emoji Movie
2821,Office Christmas Party
2822,Ride Along 2
2823,Monster Trucks
2824,The Circle
2825,Kevin Hart: What Now?
2826,San Andreas Quake
2827,Seventh Son
2828,Annabelle
2829,Fifty Shades of Black
2830,Enter The Warriors Gate
2831,Once Upon a Time in Venice
2832,Teenage Mutant Ninja Turtles
2833,Dirty Grandpa
2834,Masterminds
2835,Rings
2836,Sex Tape
2837,Tracers
2838,47 Metres Down
2839,Mine
2840,Percy Jackson: Sea of Monsters
2841,The Hangover Part III
2842,Twilight
2843,Independence Day: Resurgence
2844,Collide
2845,Cult of Chucky
2846,G.I. Joe: Retaliation
2847,Survivor
2848,Dragonheart 3: The Sorcerer's Curse
2849,Vice
2850,Jigsaw
2851,The Boy Next Door
2852,USS Indianapolis: Men of Courage
2853,Security
2854,A Good Day to Die Hard
2855,All Eyez on Me
2856,Aloha
2857,Aftermath
2858,Point Break
2859,Alien Outpost
2860,Rough Night
2861,The Nut Job 2: Nutty by Nature
2862,Rock Dog
2863,Pompeii
2864,War on Everyone
2865,Kidnap
2866,The Cobbler
2867,The Twilight Saga: Eclipse
2868,The Titan
2869,Ozzy
2870,Ice Age: Collision Course
2871,The Twilight Saga: Breaking Dawn - Part 1
2872,Mortdecai
2873,Alvin and the Chipmunks: The Road Chip
2874,Operation Dunkirk
2875,Snatched
2876,Hitman: Agent 47
2877,Hot Tub Time Machine 2
2878,Grown Ups 2
2879,The Purge
2880,Clown
2881,The Legend of Hercules
2882,The House
2883,R.I.P.D.
2884,Carrie
2885,A Bad Moms Christmas
2886,Blair Witch
2887,2 Fast 2 Furious
2888,The Smurfs 2
2889,"I, Frankenstein"
2890,Sex Doll
2891,Dragonheart: Battle for the Heartfire
2892,The Mortal Instruments: City of Bones
2893,The Nut Job
2894,Northmen - A Viking Saga
2895,Exposed
2896,The Snowman
2897,Flatliners
2898,First Kill
2899,The Osiris Child
2900,Time Traveller
2901,All Creatures Big and Small
2902,After Earth
2903,Bad Santa 2
2904,The Trust
2905,Planes
2906,Unfinished Business
2907,Boo 2! A Madea Halloween
2908,Blackhat
2909,S.W.A.T.: Under Siege
2910,The Gunman
2911,Samson
2912,Annie
2913,Morgan
2914,The Twilight Saga: New Moon
2915,2:22
2916,The Transporter Refueled
2917,Vengeance: A Love Story
2918,Tarzan
2919,Fantastic Four
2920,Neighbors 2: Sorority Rising
2921,Beyond Skyline
2922,Percy Jackson & the Olympians: The Lightning Thief
2923,The Bye Bye Man
2924,Unforgettable
2925,Downsizing
2926,Mercenary: Absolution
2927,The Counsellor
2928,Mythica: The Iron Crown
2929,Overdrive
2930,Pan
2931,Drone
2932,Green Lantern
2933,Birth of the Dragon
2934,Jobs
2935,Into the Storm
2936,The Assignment
2937,Guardians of the Tomb
2938,Eliminators
2939,Fallen
2940,Max 2: White House Hero
2941,Inconceivable
2942,Billionaire Ransom
2943,Journey 2: The Mysterious Island
2944,How to Be a Latin Lover
2945,The Girl from the Song
2946,Bad Teacher
2947,Bachelor Night
2948,Boo! A Madea Halloween
2949,24 Hours to Live
2950,Ouija
2951,The Matchbreaker
2952,Resident Evil: Retribution
2953,Identity Thief
2954,The Cloverfield Paradox
2955,Everly
2956,Altitude
2957,Scary Movie 5
2958,We Still Steal the Old Way
2959,The Smurfs
2960,Free Birds
2961,Wish Upon
2962,Come and Find Me
2963,Batman and Harley Quinn
2964,Sabotage
2965,Realive
2966,Superfast!
2967,Singularity
2968,Saw 3D: The Final Chapter
2969,21 & Over
2970,Pilgrimage
2971,Gun Woman
2972,The 15:17 to Paris
2973,Resident Evil: Afterlife
2974,Beyond the Call to Duty
2975,Starship Troopers: Traitor of Mars
2976,Home Sweet Hell
2977,The Recall
2978,White Girl
2979,Spring Breakers
2980,Lego Scooby-Doo! Blowout Beach Bash
2981,Bent
2982,The Host
2983,Strangerland
2984,Brick Mansions
2985,Fullmetal Alchemist
2986,Vampire Academy
2987,Space Dogs: Adventure to the Moon
2988,Barely Lethal
2989,The Woman in Black 2: Angel of Death
2990,Sparks
2991,Table 19
2992,When the Bough Breaks
2993,The Lazarus Effect
2994,The Marine 5: Battleground
2995,Outcast
2996,Left Behind
2997,Runner Runner
2998,The Shadow Effect
2999,Welcome to the Jungle
3000,King Arthur and the Knights of the Round Table
3001,The Captive
3002,Kill'em All
3003,Check Point
3004,Rage
3005,The Three Musketeers
3006,The Legend of Ben Hall
3007,Battleship
3008,Escape from Planet Earth
3009,Oceans Rising
3010,Reasonable Doubt
3011,Kill Switch
3012,Tekken: Kazuya's Revenge
3013,Death Race 2050
3014,The Formula
3015,As Dreamers Do
3016,Old Boy
3017,Norm of the North
3018,R.L. Stine's Monsterville: The Cabinet of Souls
3019,The Chamber
3020,Baked in Brooklyn
3021,Final Destination 5
3022,Stratton
3023,Revolt
3024,Savage Dog
3025,The Man from Earth: Holocene
3026,Suburbicon
3027,Friend Request
3028,Killing Gunther
3029,2012
3030,Sleeping Beauty
3031,Walking with Dinosaurs 3D
3032,The Neighbour
3033,The Prince
3034,Contract to Kill
3035,Let's Kill Ward's Wife
3036,The To Do List
3037,The Man with the Iron Fists 2
3038,I'm Not Ashamed
3039,Getaway
3040,Leatherface
3041,Sinister 2
3042,Assassin
3043,Empire State
3044,Dying of the Light
3045,My Pet Dinosaur
3046,A Haunted House 2
3047,Man Down
3048,The Rise of the Krays
3049,Bushwick
3050,All Nighter
3051,31
3052,Gun Shy
3053,100 Streets
3054,Jurassic Park III
3055,Maya the Bee: The Honey Games
3056,"Game Over, Man!"
3057,The Forger
3058,Wrath of the Titans
3059,The Week Of
3060,Outlaws and Angels
3061,Tammy
3062,Earth to Echo
3063,The Starving Games
3064,Terminal
3065,The Monkey King 3
3066,Pet
3067,Father Figures
3068,Saints and Soldiers: The Void
3069,I.T.
3070,Think Like a Man Too
3071,Zodiac: Signs of the Apocalypse
3072,Ribbit
3073,Infini
3074,Trespass Against Us
3075,Voice from the Stone
3076,Celebrity Sex Tape
3077,Zoolander 2
3078,Son of God
3079,The Star
3080,Song One
3081,Heaven Is for Real
3082,The Debt Collector
3083,Howard Lovecraft and the Frozen Kingdom
3084,Bullet to the Head
3085,The Colony
3086,Hulk
3087,After the Dark
3088,Paranormal Activity: The Marked Ones
3089,Incarnate
3090,Honeymoon
3091,The Humbling
3092,Mechanic: Resurrection
3093,London Has Fallen
3094,Maze
3095,Fantastic 4: Rise of the Silver Surfer
3096,Careful What You Wish For
3097,Kickboxer: Retaliation
3098,The Hollow Point
3099,Amityville: The Awakening
3100,Blade: Trinity
3101,November Criminals
3102,Don't Kill It
3103,M.F.A.
3104,The Pacifier
3105,Iron Man: Rise of Technovore
3106,Arthur & Merlin
3107,Sword of Vengeance
3108,Clash of the Titans
3109,Bleeding Steel
3110,Rules Don't Apply
3111,Alvin and the Chipmunks: Chipwrecked
3112,The Institute
3113,xXx
3114,The Incredible Burt Wonderstone
3115,The Hunters
3116,Ghostbusters
3117,Killing Season
3118,Dog Eat Dog
3119,Kill Me Three Times
3120,Seal Team Eight: Behind Enemy Lines
3121,Skiptrace
3122,The Show
3123,American Violence
3124,The High Schoolers Guide to College Parties
3125,Mythica: The Godslayer
3126,LOL
3127,Hercules Reborn
3128,The Gateway
3129,Wolves
3130,Machete Kills
3131,Sinbad and the War of the Furies
3132,Abraham Lincoln: Vampire Hunter
3133,Albion: The Enchanted Stallion
3134,AVP: Alien vs. Predator
3135,The Remains
3136,Song to Song
3137,Happy Feet Two
3138,Silent Hill: Revelation
3139,In the Blood
3140,The World Made Straight
3141,Tonight She Comes
3142,Paranoia
3143,Fantastic Four
3144,I Spit on Your Grave: Vengeance is Mine
3145,Armed Response
3146,The Curse of Sleeping Beauty
3147,A Few Less Men
3148,Lara Croft: Tomb Raider
3149,The Last Five Years
3150,Just Getting Started
3151,Wilson
3152,The Outsider
3153,The Windmill
3154,Fun Mom Dinner
3155,Moontrap: Target Earth
3156,Eloise
3157,Beta Test
3158,Extraterrestrial
3159,Bad Country
3160,Open Water 3: Cage Dive
3161,Night at the Museum: Battle of the Smithsonian
3162,Curse of Chucky
3163,Lake Eerie
3164,Goon: Last of the Enforcers
3165,The Pyramid
3166,Texas Chainsaw 3D
3167,In the Room
3168,Little Accidents
3169,Let Us Prey
3170,Regression
3171,Tekken: Blood Vengeance
3172,Day of the Dead: Bloodline
3173,I Am Soldier
3174,Khumba
3175,Movie 43
3176,Edgar Allan Poe's Lighthouse Keeper
3177,Vikingdom
3178,The Atticus Institute
3179,Dirty Movie
3180,Convict
3181,The Last Days on Mars
3182,Lowriders
3183,Saw IV
3184,Rupture
3185,Looking Glass
3186,Misconduct
3187,#Stuck
3188,Guernica
3189,Saw V
3190,Geo-Disaster
3191,Ghost Rider
3192,A Kind of Murder
3193,G.I. Joe: The Rise of Cobra
3194,Extinction
3195,xXx: State of the Union
3196,The Ticket
3197,Drive Angry
3198,Backtrack
3199,The Bad Batch
3200,Driven
3201,The Void
3202,Falcon Rising
3203,The Dinner
3204,The Benefactor
3205,End of a Gun
3206,The Mummy: Tomb of the Dragon Emperor
3207,Bonded by Blood 2
3208,The Adventurers
3209,Absolutely Fabulous: The Movie
3210,The Man with the Iron Fists
3211,The Disappointments Room
3212,Tapped Out
3213,Is Genesis History?
3214,Only God Forgives
3215,9 Songs
3216,10x10
3217,Shut In
3218,Sinbad: The Fifth Voyage
3219,No Good Deed
3220,Battle Los Angeles
3221,The Monster
3222,Scorched Earth
3223,Far Cry 5: Inside Eden's Gate
3224,I Give It a Year
3225,Bullet
3226,12 Rounds
3227,Ordinary World
3228,Beyond the Edge
3229,The Con Is On
3230,Bad Ass 2: Bad Asses
3231,Wrong Turn 5: Bloodlines
3232,Are You Here
3233,Final Destination 3
3234,Charlie Charlie
3235,Hall Pass
3236,Welcome to Me
3237,Death Race: Inferno
3238,Date and Switch
3239,The Watch
3240,Ghost Rider: Spirit of Vengeance
3241,Jane Got a Gun
3242,Battle for Skyark
3243,Spinning Man
3244,Bounty Killer
3245,A Single Shot
3246,Hangman
3247,The Forest
3248,The Cure
3249,The Canal
3250,Atlantic Rim: Resurrection
3251,The Evil Within
3252,Kickboxer: Vengeance
3253,Gold
3254,Naked Ambition 2
3255,Monster High: Electrified
3256,Open Season: Scared Silly
3257,The Ridiculous 6
3258,The Big Wedding
3259,Dragonfyre
3260,The Comedian
3261,Submergence
3262,You Don't Mess with the Zohan
3263,New World OrdeRx
3264,Red Billabong
3265,Monster Family
3266,Bullet Head
3267,Still/Born
3268,Killing Hasselhoff
3269,Dark Crimes
3270,Red Dawn
3271,The Last Face
3272,The Possession
3273,Battle of the Year
3274,Kill Command
3275,Viking Legacy
3276,Phoenix Forgotten
3277,Drones
3278,Let Her Out
3279,Freetown
3280,Vendetta
3281,Justice
3282,Outrage Coda
3283,The Last Song
3284,Walking Out
3285,WEAPONiZED
3286,The Bling Ring
3287,Bad Johnson
3288,Animal
3289,Capture the Flag
3290,Primal Rage
3291,From the Dark
3292,Hammer of the Gods
3293,Russell Madness
3294,A Good Man
3295,Haunter
3296,Daredevil
3297,The Possession of Michael King
3298,Woody Woodpecker
3299,Con Man
3300,Neighbour No. 13
3301,Watchtower
3302,S Is for Stanley
3303,Outpost
3304,Chronic
3305,Black Water
3306,How to Talk to Girls at Parties
3307,The Strangers: Prey at Night
3308,Time Changer
3309,1 Night
3310,Nowhereland
3311,Gone Tomorrow
3312,Beauty & the Briefcase
3313,Sacrifice
3314,Child Eater
3315,Until Forever
3316,"Paul, Apostle of Christ"
3317,Flower
3318,Midnight Sun
3319,Euphoria
3320,Nobody Knows
3321,What Goes Up
3322,The Substance: Albert Hofmann's LSD
3323,Every Day
3324,The Silent Storm
3325,The Swan Princess: A Royal Myztery
3326,Two Steps from Hope
3327,Undeserved
3328,Gnome Alone
3329,Chapter & Verse
3330,"War Eagle, Arkansas"
3331,The Mercy
3332,Lawless Kingdom
3333,Journey's End
3334,I Can Only Imagine
3335,Seven Deadly Words
3336,My Life in China
3337,Mary Shelley
3338,Bad Genius
3339,Downrange
3340,The Man Who Wasn't There
3341,Ryûzô to 7 nin no kobun tachi
3342,Notes from the Field
3343,Freak Show
3344,Unsane
3345,"Love, Simon"
3346,The Last Witness
3347,Tomb Raider
3348,What If...
3349,The Mountain II
3350,Breaking the Limits
3351,Glossary of Broken Dreams
3352,Guns N' Roses Appetite for Democracy 3D Live at Hard Rock Las Vegas
3353,Ibiza
3354,Summer 1993
3355,Berlin Falling
3356,What Lies Upstream
3357,That's Not Me
3358,Darc
3359,The Cured
3360,The Assassin's Code
3361,Stalingrad
3362,The Forgiven
3363,Rocco
3364,Us and Them
3365,Park
3366,Last Days
3367,Thousand Yard Stare
3368,Freehold
3369,Saturday Church
3370,The Deaths of Ian Stone
3371,Most Likely to Murder
3372,Nostalgia
3373,Jack Goes Home
3374,Last Seen in Idaho
3375,Candy Jar
3376,Apartment 212
3377,I Had a Bloody Good Time at House Harker
3378,Corbin Nash
3379,Wrecked
3380,Dude
3381,Social Animals
3382,Skybound
3383,Holes
3384,Cold November
3385,Adam Patel: Real Magic
3386,Tawai: A voice from the forest
3387,Eagles of Death Metal: Nos Amis
3388,Ballet Boys
3389,The Wedding Plan
3390,Queen of Spades: The Dark Rite
3391,Lost in London
3392,Alex & Me
3393,7 Days in Entebbe
3394,Kevin James: Never Don't Give Up
3395,Alena
3396,Alien Code
3397,Gifted
3398,The Dog Lover
3399,The Accidental Spy
3400,48 Hours to Live
3401,That Guy Dick Miller
3402,Medicine of the Wolf
3403,Alex Strangelove
3404,Blame
3405,Ali's Wedding
3406,The Hurricane Heist
3407,Rampage
3408,Ready Player One
3409,The Haunting in Connecticut
3410,Ghostland
3411,The Yellow Birds
3412,Inheritance
3413,Beirut
3414,Affairs of State
3415,Panic Attack
3416,Youth
3417,Set It Up
3418,Gemini
3419,The 12th Man
3420,Acrimony
3421,BPM
3422,Isle of Dogs
3423,Double Lover
3424,Blockers
3425,The Countess
3426,The Tree
3427,Blind Dating
3428,Finding Your Feet
3429,Life of the Party
3430,Calibre
3431,Naked Among Wolves
3432,The Bookshop
3433,Mary Magdalene
3434,The Banishment
3435,Let the Sunshine In
3436,The Strange Ones
3437,Shot
3438,The Things We've Seen
3439,From What Is Before
3440,Miracles of the Namiya General Store
3441,Woman Walks Ahead
3442,Sweet Country
3443,Human
3444,Gringo: The Dangerous Life of John McAfee
3445,A Quiet Place
3446,Junebug
3447,Texas Heart
3448,Distorted
3449,The Delinquent Season
3450,Spy
3451,Antiporno
3452,The Ornithologist
3453,The Northlander
3454,It Had to Be You
3455,Stolen princess: Ruslan and Ludmila
3456,Dark River
3457,Tad the Lost Explorer and the Secret of King Midas
3458,Loving Pablo
3459,Please Stand By
3460,The Insult
3461,Building Jerusalem
3462,Nightmare Nurse
3463,My Life as a Dead Girl
3464,Killing Daddy
3465,Killer Photo
3466,Surprised by Love
3467,Sundays at Tiffany's
3468,Summer of Dreams
3469,Point of Entry
3470,Encounter
3471,Overboard
3472,Siberia
3473,7 Splinters in Time
3474,Furious
3475,How It Ends
3476,Aaah! Zombies!!
3477,The Package
3478,The Coming War on China
3479,Bill Maher: Live from Oklahoma
3480,Google and the World Brain
3481,A Ciambra
3482,The Commodore Story
3483,In Hell
3484,Swimming Pool
3485,Direct Action
3486,Hana
3487,Submission
3488,Big Fat Liar
3489,Chronicle of an Escape
3490,Paths
3491,Left in Darkness
3492,Love Is All
3493,White Fang
3494,Traffik
3495,The Endless
3496,Manhunt
3497,Bilal: A New Breed of Hero
3498,Memoir of a Murderer
3499,Hannah
3500,The Legacy of a Whitetail Deer Hunter
3501,Girl Followed
3502,Backstabbed
3503,A Prairie Home Companion
3504,Where Is Kyra?
3505,The Rider
3506,Fugitive at 17
3507,Gothic & Lolita Psycho
3508,Disobedience
3509,Super Troopers 2
3510,King of Peking
3511,Duck Butter
3512,The White Haired Witch of Lunar Kingdom
3513,The Carmilla Movie
3514,White Oleander
3515,Happy Birthday
3516,A Good American
3517,1 Out of 7
3518,The Cove
3519,DC Super Hero Girls: Hero of the Year
3520,Tiger Zinda Hai
3521,Kicking & Screaming
3522,The Dead Girl
3523,Let Me Eat Your Pancreas
3524,Legend of the Demon Cat
3525,Chappaquiddick
3526,The Domestics
3527,The Catcher Was a Spy
3528,Tau
3529,Ideal Home
3530,Air Doll
3531,LUV
3532,Shelter
3533,I Feel Pretty
3534,Made in Italy
3535,Sara's Notebook
3536,Cry Wolf
3537,Hello Again
3538,The Devil's Doorway
3539,Shock and Awe
3540,Father of the Year
3541,Duck Duck Goose
3542,Occupation
3543,A Prayer Before Dawn
3544,Forgive Us Our Debts
3545,El club de los buenos infieles
3546,Hou lai de wo men
3547,Tully
3548,Strokes of Genius
3549,Spun
3550,The Mexican
3551,As the Gods Will
3552,Robin Williams: Come Inside My Mind
3553,1/1
3554,Godzilla: City on the Edge of Battle
3555,Rosy
3556,Ghost Stories
3557,Billionaire Boys Club
3558,Birdboy: The Forgotten Children
3559,Parmanu: The Story of Pokhran
3560,Keep the Change
3561,The Warning
3562,Secretary
3563,Little Pink House
3564,Iliza: Elder Millennial
3565,Breaking In
3566,Axolotl Overkill
3567,Smiley Face
3568,They
3569,Off the Menu
3570,Love After Love
3571,Lost Solace
3572,Hot Summer Nights
3573,Damascus Cover
3574,Apocalypto
3575,Ip Man 3
3576,Kung Fu Yoga
3577,"Everything, Everything"
3578,Sekigahara
3579,Fabricated City
3580,Zoe
3581,Ruin Me
3582,Fear Island
3583,Abominable
3584,Shaadi Ke Side Effects
3585,Big Fish & Begonia
3586,The Manual
3587,Dead Shack
3588,Path of Blood
3589,Baahubali: The Beginning
3590,Tears of the Sun
3591,She's the Man
3592,Hush
3593,Below Her Mouth
3594,Baahubali 2: The Conclusion
3595,Blue Is the Warmest Color
3596,Who Am I
3597,The Tourist
3598,The Thinning
3599,Panic Room
3600,Suffering of Ninko
3601,New Initial D the Movie: Legend 3 - Dream
3602,Ek Villain
3603,Vampire Clay
3604,Tickled
3605,Our House
3606,Del Playa
3607,High School Musical
3608,The Devil and Father Amorth
3609,The Bleeding Edge
3610,Extinction
3611,White Chicks
3612,Okja
3613,Primer
3614,Padmaavat
3615,On Chesil Beach
3616,Blood Ransom
3617,Comedy Central Roast of Bruce Willis
3618,First Reformed
3619,The Incantation
3620,The Late Bloomer
3621,Spectral
3622,Shaolin Soccer
3623,Justice League: The Flashpoint Paradox
3624,The Handmaiden
3625,The Babysitter
3626,Downfall
3627,Avengers: Infinity War
3628,Brain on Fire
3629,Almost Adults
3630,Renegades
3631,Radius
3632,Lage Raho Munna Bhai
3633,Andover
3634,Kaala
3635,Bad Samaritan
3636,A Futile and Stupid Gesture
3637,The Guernsey Literary and Potato Peel Pie Society
3638,Creature Designers - The Frankenstein Complex
3639,Journeyman
3640,One on One
3641,The Miracle Season
3642,The Second
3643,Son of Batman
3644,Gerald's Game
3645,Just Like Heaven
3646,Big Game
3647,Deadpool 2
3648,Common Wealth
3649,Hamlet
3650,Beyond Re-Animator
3651,Pina
3652,The Tag-Along
3653,Rent-a-Cat
3654,Under Suspicion
3655,Upgrade
3656,Zama
3657,Vampire Cleanup Department
3658,Easy Living
3659,Cheaper by the Dozen 2
3660,Confessions of a Brazilian Call Girl
3661,Book Club
3662,Tag
3663,The Princess Diaries
3664,March of the Penguins
3665,A Silent Voice
3666,The Son of Bigfoot
3667,The Princess Diaries 2: Royal Engagement
3668,Strange Magic
3669,Adrift
3670,RBG
3671,Support the Girls
3672,The Turning
3673,StreetDance 3D
3674,Do You Trust this Computer?
3675,Do You Take This Man
3676,Bluefin
3677,SuperFly
3678,Sad Vacation
3679,Romans
3680,Don't Be Bad
3681,Drew Michael
3682,The Children of Huang Shi
3683,Ned Kelly
3684,The Final Cut
3685,Werewolf: The Beast Among Us
3686,I Spit on Your Grave 2
3687,When the Lights Went Out
3688,St Trinian's 2: The Legend of Fritton's Gold
3689,Top Dog
3690,Unearthed & Untold: The Path to Pet Sematary
3691,Parks
3692,Employee of the Month
3693,The Last Castle
3694,The Crucifixion
3695,The After Party
3696,Summer of 84
3697,Arizona
3698,The Only Living Boy in New York
3699,Won't You Be My Neighbor?
3700,War Machine
3701,Imagine Me & You
3702,Braven
3703,Big Stan
3704,The Road to El Dorado
3705,Rip Tide
3706,Over the Hedge
3707,Flushed Away
3708,The Darjeeling Limited
3709,Secret Superstar
3710,Miss Congeniality
3711,If Only
3712,Howl's Moving Castle
3713,The Simpsons Movie
3714,Mune: Guardian of the Moon
3715,Miss Congeniality 2: Armed & Fabulous
3716,Elle
3717,Carnivores
3718,Ocean's Eight
3719,Hereditary
3720,The Land Before Time XIV: Journey of the Brave
3721,The Land Before Time XIII: The Wisdom of Friends
3722,The Land Before Time XII: The Great Day of the Flyers
3723,The Land Before Time X: The Great Longneck Migration
3724,The Land Before Time VIII: The Big Freeze
3725,The Land Before Time VII: The Stone of Cold Fire
3726,The Land Before Time IX: Journey to Big Water
3727,The Intervention
3728,Premature
3729,Padman
3730,Never Back Down: No Surrender
3731,Letters from Iwo Jima
3732,Friday After Next
3733,Euthanizer
3734,Breaking & Exiting
3735,Ghost Mountaineer
3736,Satan's Slaves
3737,Beast
3738,The Mimic
3739,To All the Boys I've Loved Before
3740,The Guardian Angel
3741,Running for Grace
3742,Down a Dark Hall
3743,Time Trap
3744,Breath
3745,The Scythian
3746,What Still Remains
3747,American Animals
3748,The House of Tomorrow
3749,Action Point
3750,Away
3751,How to Get Girls
3752,Ted - Show Me Love
3753,The End?
3754,Brexitannia
3755,Place publique
3756,Angels Wear White
3757,All You Can Eat Buddha
3758,Jurassic World: Fallen Kingdom
3759,The Lotus
3760,The Keeping Hours
3761,Dreamgirls
3762,Bert Kreischer: Secret Time
3763,Vitamania: The Sense and Nonsense of Vitamins
3764,Gutland
3765,A Gentle Creature
3766,The Laws of Thermodynamics
3767,Ex Drummer
3768,The Riverman
3769,I Love You Too
3770,Animal Kingdom
3771,Boarding School
3772,Terrifier
3773,S&man
3774,Lost Boys: The Thirst
3775,Fubar
3776,Knucklehead
3777,The Miracle Maker
3778,Rivers and Tides: Andy Goldsworthy Working with Time
3779,The Bang Bang Club
3780,The Surrounding Game
3781,The Cup
3782,The Eye of the Storm
3783,Smitty
3784,Blue Iguana
3785,Jane
3786,Cocaine Godmother
3787,A Hard Day
3788,Saving Face
3789,Black Code
3790,The Echo
3791,The Babysitters
3792,Roll Bounce
3793,Party Night
3794,On My Skin
3795,Butterfly Caught
3796,Waikiki Brothers
3797,Uncle Drew
3798,Hearts Beat Loud
3799,Sicario: Day of the Soldado
3800,"What's for Dinner, Mom?"
3801,Neko Atsume House
3802,Elles
3803,Alright Now
3804,The Resistance Banker
3805,The Children Act
3806,Solo: A Star Wars Story
3807,Lines of Wellington
3808,Godard Mon Amour
3809,Nancy
3810,Ignatius of Loyola
3811,Hunting Emma
3812,The 8-Year Engagement
3813,Sierra Burgess Is a Loser
3814,Next Gen
3815,Lowlife
3816,The Most Assassinated Woman in the World
3817,Mara
3818,Hurricane
3819,Destination Wedding
3820,Devil's Gate
3821,Two Is a Family
3822,The 60 Yard Line
3823,Half Nelson
3824,The Child in Time
3825,Mr. Magorium's Wonder Emporium
3826,High Fantasy
3827,Curve
3828,Office Uprising
3829,Skyscraper
3830,Trench 11
3831,My Daddy's in Heaven
3832,Keeping Up with the Steins
3833,UFO
